0;1022299
0.002112;1022278
0.002774;1022270
0.003528;1022269
0.005456;1022224
0.005698;1022217
0.006661;1022214
0.008667;1022209
0.009516;1022174
0.009969;1022166
0.01054;1022158
0.01317;1022035
0.013422;1022034
0.021803;1022030
0.028112;1022018
0.030813;1022017
0.034614;1022015
0.040426;1021982
0.04104;1021972
0.043671;1021962
0.048681;1021953
0.057987;1021949
0.061226;1021912
0.070684;1021887
0.072178;1021865
0.073134;1021780
0.075973;1021774
0.078661;1021766
0.078899;1021764
0.081515;1021762
0.081763;1021760
0.082551;1021702
0.127533;1021698
0.128304;1021686
0.130007;1021685
0.130271;1021658
0.133423;1021653
0.134554;1021651
0.14128;1021648
0.142351;1021570
0.144713;1021550
0.152199;1021539
0.161518;1021532
0.164123;1021527
0.170203;1021519
0.173632;1021502
0.174921;1021482
0.175124;1021480
0.175989;1021472
0.178873;1021468
0.18206;1021390
0.186686;1021324
0.187796;1021291
0.19053;1021289
0.191309;1021285
0.192565;1021202
0.193083;1021190
0.194349;1021179
0.202331;1021170
0.203827;1021165
0.239092;1021156
0.252075;1021129
0.252359;1021126
0.258542;1021094
0.265869;1021088
0.292521;1021069
0.292829;1021066
0.315581;1020970
0.315864;1020968
0.316628;1020949
0.317178;1020947
0.318426;1020944
0.318944;1020942
0.320158;1020941
0.322731;1020917
0.327643;1020894
0.33056;1020871
0.331941;1020842
0.333251;1020834
0.407947;1020823
0.431225;1020808
0.431546;1020794
0.433168;1020783
0.435572;1020773
0.443502;1020756
0.444286;1020750
0.444611;1020712
0.44485;1020706
0.446707;1020461
0.457385;1020416
0.458768;1020379
0.459999;1020350
0.463771;1020347
0.464004;1020344
0.475909;1020329
0.476127;1020324
0.480849;1020323
0.4815;1020299
0.482593;1020291
0.483169;1020284
0.500002;1020232
0.500304;1020227
0.500519;1020226
0.504255;1020172
0.504513;1020160
0.504962;1020157
0.537482;1020143
0.543793;1020106
0.544049;1020105
0.544635;1020089
0.545601;1020084
0.548631;1020047
0.570878;1020046
0.572398;1020037
0.583672;1020032
0.586945;1019960
0.587762;1019942
0.58832;1019933
0.591045;1019927
0.637107;1019806
0.639136;1019804
0.641199;1019707
0.64235;1019703
0.64389;1019658
0.645421;1019655
0.646541;1019649
0.65253;1019646
0.654793;1019585
0.656644;1019584
0.660895;1019575
0.667571;1019561
0.673229;1019557
0.680187;1019555
0.684775;1019520
0.685525;1019494
0.697229;1019485
0.697765;1019457
0.704121;1019412
0.714135;1019392
0.726863;1019307
0.72722;1019169
0.745512;1019144
0.75049;1019110
0.762605;1019108
0.765286;1019076
0.792616;1019059
0.795182;1019058
0.79549;1019055
0.79758;1019053
0.80291;1019040
0.809368;1019029
0.812163;1019027
0.830453;1018989
0.833888;1018985
0.834126;1018983
0.837144;1018981
0.838125;1018939
0.838673;1018935
0.842137;1018928
0.846019;1018886
0.846256;1018882
0.848736;1018870
0.873636;1018868
0.874433;1018842
0.879681;1018826
0.944954;1018815
0.947823;1018803
0.949533;1018698
0.949806;1018695
0.950227;1018686
0.951444;1018639
0.951666;1018634
0.955851;1018619
0.958528;1018613
0.962415;1018595
0.964453;1018559
0.987172;1018557
0.993477;1018546
0.999218;1018531
1.001053;1018530
1.002711;1018518
1.014198;1018513
1.018541;1018482
1.021017;1018456
1.027437;1018441
1.032333;1018433
1.040636;1018430
1.064256;1018415
1.065245;1018413
1.068858;1018412
1.069384;1018411
1.098051;1018409
1.098618;1018405
1.110746;1018402
1.160211;1018400
1.200681;1018273
1.208944;1018272
1.209517;1018259
1.209892;1018255
1.211123;1018250
1.211662;1018248
1.21189;1018236
1.214833;1018193
1.241312;1018137
1.321118;1018119
1.321486;1018116
1.332493;1018114
1.334955;1018063
1.335469;1018028
1.347275;1017998
1.365305;1017994
1.369416;1017978
1.369775;1017977
1.370022;1017975
1.374761;1017935
1.375773;1017934
1.378764;1017913
1.385796;1017905
1.386046;1017903
1.386443;1017900
1.424228;1017801
1.465258;1017735
1.471652;1017674
1.507269;1017665
1.524839;1017664
1.616666;1017638
1.622263;1017629
1.625823;1017608
1.722156;1017604
1.81;1017565
1.811361;1017538
1.81585;1017533
1.826615;1017531
1.827014;1017516
1.829323;1017495
1.835635;1017494
1.845199;1017476
1.853464;1017466
1.855991;1017403
1.858022;1017392
1.902918;1017378
1.906375;1017370
1.906601;1017369
1.914889;1017307
1.919987;1017306
1.921446;1017301
1.924741;1017267
1.929303;1017253
1.934001;1017250
1.935146;1017233
1.935397;1017214
1.936291;1017207
1.949518;1017202
2.010508;1017182
2.010913;1017180
2.019268;1017166
2.053796;1017164
2.054671;1017160
2.074536;1017141
2.080168;1017140
2.082728;1017137
2.084157;1017121
2.294392;1017119
2.295735;1017114
2.305819;1017113
2.309012;1017100
2.317469;1017055
2.318432;1017041
2.329681;1017039
2.331057;1017036
2.335441;1017032
2.339228;1017027
2.359381;1017026
2.35997;1017015
2.361234;1016995
2.363494;1016994
2.364811;1016982
2.376328;1016937
2.559067;1016925
2.563069;1016920
2.563272;1016918
2.580096;1016916
2.590439;1016909
2.59255;1016888
2.598306;1016887
2.984413;1016885
2.986033;1016880
3.028839;1016874
3.029689;1016854
3.044383;1016840
3.049794;1016825
3.05331;1016817
3.116722;1016797
3.119853;1016796
3.124756;1016783
3.124974;1016782
3.183162;1016703
3.233232;1016660
3.239403;1016652
3.252457;1016623
3.272727;1016621
3.296978;1016604
3.297267;1016603
3.309185;1016593
3.309878;1016588
3.310483;1016574
3.332569;1016570
3.341215;1016560
3.342399;1016552
3.382216;1016543
3.39225;1016528
3.398721;1016525
3.399599;1016517
3.410956;1016516
3.411435;1016511
3.424089;1016507
3.425059;1016495
3.427664;1016482
3.429645;1016481
3.437173;1016468
3.437586;1016465
3.438584;1016452
3.443897;1016428
3.444184;1016424
3.453061;1016400
3.45532;1016398
3.455532;1016391
3.456603;1016387
3.481263;1016386
3.487486;1016360
3.490407;1016350
3.493587;1016347
3.494001;1016346
3.494891;1016345
3.495399;1016344
3.501103;1016343
3.503821;1016329
3.536893;1016308
3.544993;1016299
3.566192;1016297
3.626901;1016290
3.644945;1016287
3.645204;1016283
3.645377;1016281
3.655793;1016273
3.657328;1016269
3.657911;1016267
3.662016;1016262
3.663885;1016261
3.664307;1016256
3.71419;1016248
3.714515;1016235
3.718379;1016175
3.720453;1016169
3.721226;1016155
3.728153;1016057
3.779096;1016047
3.787325;1016038
3.789627;1016028
3.798775;1016027
3.799058;1016019
3.800899;1015930
3.801775;1015920
3.804957;1015917
3.834754;1015823
3.83571;1015805
3.836954;1015802
3.83769;1015801
3.849748;1015799
3.854148;1015798
3.864121;1015795
3.86635;1015726
3.866661;1015702
3.878861;1015695
3.882357;1015680
3.886014;1015679
4.268306;1015515
4.274876;1015482
4.281389;1015476
4.294164;1015467
4.294717;1015453
4.379075;1015450
4.379598;1015423
4.379814;1015420
4.381422;1015374
4.39867;1015350
4.42154;1015344
4.421735;1015343
4.424704;1015331
4.428937;1015330
4.432265;1015322
4.742199;1015310
4.744579;1015300
4.780913;1015290
4.78481;1015260
4.788557;1015254
4.789654;1015252
4.799473;1015224
4.800666;1015189
4.939285;1015188
4.94069;1015176
4.944334;1015174
4.945452;1015173
5.002091;1015162
5.046143;1015159
5.047244;1015154
5.047957;1015104
5.052065;1015103
5.071658;1015072
5.076541;1015058
5.09252;1015032
5.093941;1015031
5.129823;1015025
5.136629;1015010
5.138099;1015004
5.14371;1014991
5.151106;1014961
5.251907;1014958
5.252987;1014957
5.490942;1014956
5.493511;1014953
5.496596;1014951
5.774787;1014942
5.777132;1014941
5.783816;1014939
5.78904;1014937
5.807454;1014922
5.807749;1014912
5.814676;1014911
5.820467;1014900
5.821585;1014879
5.827602;1014854
5.828421;1014853
5.831498;1014850
5.83264;1014849
6.11874;1014842
6.136689;1014832
6.152473;1014830
6.15323;1014828
6.155198;1014827
6.159969;1014826
6.161308;1014783
6.163025;1014751
6.165356;1014735
6.172134;1014733
6.17244;1014727
6.176709;1014723
6.179828;1014719
6.182349;1014717
6.184841;1014714
6.273006;1014679
6.274134;1014672
6.274595;1014670
6.286979;1014653
6.287296;1014652
6.288617;1014650
6.288963;1014642
6.296722;1014641
6.308962;1014637
6.31512;1014621
6.316456;1014620
6.545433;1014591
6.554712;1014568
6.581001;1014542
6.581676;1014541
6.756854;1014508
6.832218;1014502
6.835935;1014445
6.838191;1014435
6.855574;1014434
6.859982;1014430
6.860183;1014426
6.860921;1014420
6.862948;1014418
6.905399;1014411
6.908224;1014404
6.909191;1014359
6.919182;1014344
6.933134;1014340
6.934229;1014334
6.934724;1014324
6.935141;1014319
6.936306;1014318
6.940716;1014314
6.941814;1014296
6.950601;1014282
6.953559;1014273
7.072366;1014253
7.072794;1014252
7.091811;1014239
7.093515;1014235
7.095253;1014232
7.102726;1014229
7.103401;1014223
7.115843;1014212
7.265468;1014210
7.276451;1014188
7.280932;1014185
7.283467;1014181
7.290894;1014179
7.308319;1014177
7.310287;1014169
7.402876;1014163
7.407806;1014160
7.423301;1014020
7.423575;1014019
7.425084;1014017
7.426382;1013990
7.430158;1013989
7.43151;1013986
7.436812;1013971
7.437636;1013963
7.440544;1013956
7.446214;1013952
7.446472;1013951
7.449487;1013940
7.672184;1013936
7.676005;1013935
7.761749;1013923
7.762355;1013922
7.882462;1013911
7.887089;1013894
7.887365;1013883
7.935309;1013865
7.936082;1013864
7.949841;1013861
7.952514;1013857
7.95342;1013838
7.953693;1013837
7.996144;1013823
7.997449;1013821
7.997876;1013820
8.006336;1013816
8.016579;1013814
8.016857;1013813
8.028698;1013798
8.029748;1013787
8.037069;1013783
8.045144;1013780
8.045362;1013779
8.049249;1013778
8.051133;1013777
8.051849;1013762
8.054538;1013739
8.099105;1013714
8.099582;1013713
8.208891;1013712
8.213998;1013687
8.306743;1013670
8.310636;1013645
8.311648;1013641
8.312067;1013640
8.316057;1013610
8.316507;1013559
8.346412;1013545
8.347066;1013519
8.351886;1013496
8.353374;1013483
8.355513;1013464
8.375007;1013462
8.376792;1013457
8.40219;1013453
8.403064;1013434
8.403819;1013433
8.407233;1013423
8.408231;1013405
8.409129;1013400
8.469114;1013392
8.47029;1013391
8.507564;1013388
8.523114;1013387
8.538294;1013373
8.540269;1013372
8.542706;1013369
8.544496;1013349
8.555895;1013348
8.666416;1013336
8.671947;1013318
8.682594;1013295
8.69598;1013293
8.703806;1013291
8.708105;1013287
8.708619;1013286
8.708983;1013282
8.711647;1013247
8.715904;1013239
8.746971;1013226
8.750404;1013224
8.781793;1013209
8.78402;1013179
8.79485;1013178
8.795063;1013174
8.795357;1013169
8.800387;1013168
8.800677;1013167
8.801576;1013166
8.801918;1013161
8.808979;1013117
8.810445;1013115
8.810791;1013047
8.815102;1013031
8.821618;1013016
8.883698;1013014
8.891208;1012995
8.895012;1012977
8.896699;1012965
8.902764;1012964
8.90359;1012953
8.906715;1012952
8.920227;1012890
8.924832;1012871
8.928125;1012805
8.928743;1012800
8.932954;1012777
10.166243;1012744
10.18204;1012742
10.189807;1012740
10.191078;1012739
10.194609;1012734
10.277733;1012641
10.282329;1012630
10.372939;1012628
10.454535;1012625
10.561151;1012624
10.562966;1012615
10.56818;1012592
10.605073;1012541
10.60739;1012538
10.610254;1012536
10.614166;1012534
10.624323;1012530
10.625707;1012524
10.633618;1012520
10.633837;1012513
10.639798;1012511
10.640311;1012510
10.682093;1012506
10.686402;1012481
10.745856;1012478
10.870761;1012473
10.902714;1012436
10.904614;1012432
10.915228;1012429
10.918793;1012415
10.919142;1012413
11.340029;1012400
11.341789;1012398
11.344519;1012397
11.350249;1012374
11.350785;1012373
11.354295;1012365
11.419088;1012343
11.425717;1012342
11.462039;1012336
11.46237;1012333
11.475499;1012328
11.491172;1012310
11.492195;1012307
11.499664;1012302
11.575732;1012299
11.580391;1012287
11.581252;1012285
11.58541;1012282
11.590888;1012279
11.610147;1012276
11.611439;1012268
11.698527;1012266
11.70154;1012262
11.706737;1012244
11.719919;1012238
11.72304;1012237
11.723505;1012229
11.725367;1012226
11.731338;1012216
11.733525;1012214
11.739143;1012199
11.739942;1012198
11.742354;1012183
11.80822;1012177
11.817133;1012171
11.817617;1012169
11.86252;1012131
11.898306;1012122
11.899745;1012114
11.901796;1012110
11.916577;1012097
11.927711;1012049
11.927967;1012048
11.939994;1012017
11.94426;1012014
11.947205;1011999
11.964988;1011993
11.996039;1011990
12.001673;1011988
12.209974;1011986
12.21994;1011973
12.228927;1011971
12.230453;1011966
12.255696;1011959
12.25706;1011954
12.289792;1011948
12.29441;1011928
12.295894;1011906
12.306832;1011901
12.309917;1011897
12.315684;1011895
12.31835;1011892
12.318921;1011891
12.322989;1011890
12.326023;1011873
12.327473;1011860
12.335584;1011858
12.342379;1011857
12.3639;1011856
12.416527;1011854
12.439054;1011853
12.444267;1011852
12.447967;1011850
12.451069;1011833
12.461638;1011794
12.496552;1011792
12.504089;1011788
12.518391;1011784
12.522437;1011783
12.553315;1011769
12.555058;1011768
12.55532;1011764
12.555885;1011763
12.559546;1011755
12.622639;1011754
12.628232;1011752
12.816606;1011750
12.817314;1011749
12.817826;1011745
12.820705;1011744
12.821263;1011743
12.826936;1011739
12.827839;1011712
12.83347;1011696
12.90391;1011649
12.910767;1011645
12.911127;1011641
12.911375;1011639
12.912871;1011627
12.915453;1011625
12.917481;1011623
12.936124;1011604
13.094217;1011602
13.101135;1011601
13.101751;1011586
13.104517;1011582
13.119483;1011575
13.141352;1011573
13.184818;1011571
13.220049;1011561
13.271625;1011549
13.272005;1011544
13.280027;1011533
13.471469;1011523
13.477479;1011522
13.477969;1011520
13.479051;1011514
13.492601;1011513
13.493081;1011504
13.506053;1011499
13.507972;1011498
13.519684;1011488
13.534103;1011461
13.54204;1011460
13.542452;1011448
13.545148;1011446
13.546354;1011444
13.550288;1011442
13.581369;1011441
13.595138;1011437
13.595385;1011431
13.595824;1011416
13.602283;1011407
13.604046;1011393
13.604265;1011383
13.60588;1011382
13.882723;1011371
13.885354;1011368
13.890839;1011367
13.902735;1011356
13.9194;1011345
13.922474;1011341
13.927142;1011334
13.930279;1011317
13.930839;1011305
13.93616;1011303
13.942302;1011299
13.942505;1011298
13.946021;1011295
13.948612;1011294
13.949893;1011293
13.950247;1011290
13.951131;1011283
14.090877;1011265
14.099312;1011262
14.099684;1011260
14.104081;1011258
14.116283;1011256
14.301909;1011247
14.304897;1011246
14.311264;1011243
14.316472;1011242
14.320747;1011241
14.355381;1011240
14.375774;1011229
14.393658;1011199
14.401055;1011198
14.427044;1011197
14.427451;1011193
14.434069;1011186
14.733443;1011171
14.738009;1011160
14.741994;1011159
14.754173;1011157
14.767804;1011152
14.77461;1011148
14.778065;1011129
14.779603;1011124
14.786057;1011122
14.786234;1011117
15.096216;1011115
15.097145;1011113
15.097457;1011105
15.0985;1011101
15.145768;1011100
15.155311;1011097
15.192118;1011081
15.239305;1011074
15.2397;1011073
15.264757;1011072
15.270872;1011066
15.274072;1011057
15.27566;1011055
15.292603;1011048
15.296137;1011047
15.305071;1011046
15.312664;1011039
15.314663;1011037
15.324448;1011032
15.325727;1011028
15.332506;1011014
15.336801;1011012
15.574846;1011010
15.57808;1011006
15.650868;1011002
15.655826;1010993
15.656487;1010989
15.661484;1010979
15.752241;1010976
16.077436;1010974
16.081502;1010968
16.090727;1010960
16.094449;1010954
16.101388;1010951
16.1018;1010940
16.260867;1010925
16.275556;1010922
16.492045;1010907
16.495117;1010901
16.497566;1010891
16.497914;1010888
16.513737;1010861
16.514541;1010846
16.516157;1010829
16.527891;1010826
16.528467;1010825
16.537587;1010807
16.541683;1010806
16.542424;1010805
16.548656;1010797
16.554329;1010781
16.562101;1010773
16.568047;1010755
16.572514;1010753
16.617091;1010744
16.640627;1010740
16.642059;1010737
16.675561;1010722
16.694885;1010721
16.702317;1010719
16.70277;1010706
16.706818;1010705
16.754043;1010685
16.761101;1010675
16.764908;1010673
16.774032;1010670
16.779704;1010653
16.780943;1010652
16.838716;1010651
16.839281;1010647
16.888674;1010644
16.889137;1010643
16.983256;1010639
16.983734;1010638
16.993053;1010635
16.995427;1010634
16.999436;1010622
17.046324;1010613
17.256923;1010608
17.261001;1010589
17.262998;1010586
17.263341;1010581
17.26417;1010576
17.283906;1010565
17.28944;1010564
17.293853;1010562
17.294163;1010561
17.337432;1010555
17.337849;1010545
17.349201;1010544
17.355327;1010543
17.363415;1010521
17.409784;1010518
17.410159;1010514
17.419952;1010508
17.421793;1010507
17.434157;1010500
17.435601;1010493
17.443804;1010492
17.447992;1010490
17.472454;1010487
17.474886;1010472
17.478103;1010469
17.494071;1010453
17.644526;1010438
17.688468;1010437
17.693872;1010433
17.696306;1010432
17.698947;1010405
17.699733;1010397
17.715121;1010396
17.719237;1010395
17.877655;1010383
17.896409;1010379
17.897298;1010373
17.906295;1010370
17.942846;1010367
17.953041;1010358
17.954611;1010354
17.981829;1010349
18.329103;1010348
18.362536;1010345
18.363397;1010318
18.37748;1010313
18.38472;1010310
18.395063;1010309
18.401707;1010297
18.420093;1010293
18.420318;1010287
18.430539;1010278
18.441883;1010276
18.442842;1010270
18.443682;1010267
18.448142;1010265
18.448404;1010262
18.449967;1010261
18.453452;1010256
18.45537;1010255
18.459237;1010252
18.473163;1010243
18.475737;1010239
18.480547;1010236
18.481454;1010235
18.574587;1010230
18.579924;1010220
18.583427;1010180
18.585172;1010167
18.586123;1010165
18.589645;1010153
18.597292;1010152
18.603818;1010144
18.604773;1010143
18.613655;1010138
18.620948;1010133
18.680711;1010123
18.689772;1010118
18.699207;1010112
18.960855;1010111
18.961629;1010097
18.963174;1010094
18.970404;1010091
19.042423;1010081
19.044978;1010070
19.04606;1010069
19.047961;1010067
19.050843;1010064
19.07083;1010024
19.084695;1010022
19.089082;1010021
19.121464;1010012
19.122822;1010002
19.124936;1010000
19.12831;1009999
19.131972;1009996
19.136188;1009993
19.136676;1009986
19.140099;1009966
19.461772;1009963
19.502142;1009959
19.50967;1009955
19.518388;1009953
19.527951;1009947
19.545634;1009934
19.549241;1009932
19.558674;1009927
19.565001;1009926
19.569162;1009910
19.571273;1009898
19.572503;1009893
19.645546;1009892
19.657917;1009891
19.678413;1009890
19.67962;1009879
19.681617;1009873
19.681909;1009869
19.68485;1009866
19.69012;1009864
19.692482;1009859
19.693636;1009853
19.693841;1009851
19.710039;1009848
19.711051;1009843
19.784584;1009842
19.79553;1009841
19.799126;1009830
19.827037;1009828
19.850613;1009827
19.861357;1009824
19.862818;1009817
19.871247;1009805
19.881154;1009803
19.899717;1009802
19.905577;1009800
19.918819;1009798
19.92138;1009790
19.926495;1009786
19.927393;1009784
19.93137;1009781
19.952618;1009777
20.001128;1009775
20.007179;1009773
20.083655;1009772
20.086048;1009771
20.098561;1009766
20.103433;1009762
20.10419;1009761
20.104444;1009760
20.189859;1009743
20.799945;1009740
20.80659;1009739
20.806765;1009724
20.849401;1009722
20.863825;1009719
20.869156;1009718
20.88956;1009703
20.89795;1009682
20.900447;1009680
20.901084;1009677
21.042398;1009665
21.047293;1009661
21.050036;1009651
21.05256;1009650
21.072223;1009645
21.082788;1009644
21.087966;1009641
21.088138;1009621
21.092316;1009615
21.097157;1009613
21.099686;1009612
21.103976;1009603
21.110014;1009597
21.120901;1009593
21.124127;1009592
21.13756;1009589
21.16715;1009581
21.168465;1009580
21.169006;1009578
21.171148;1009576
21.178512;1009575
21.195295;1009573
21.217031;1009571
21.219066;1009570
21.219306;1009559
21.222529;1009554
21.228613;1009551
21.262255;1009539
21.264065;1009534
21.277177;1009531
21.278669;1009502
21.279574;1009497
21.352298;1009489
21.376699;1009487
21.420662;1009483
21.425739;1009482
21.439677;1009467
21.483572;1009466
21.486099;1009463
21.491023;1009458
21.492413;1009451
21.513755;1009448
21.523475;1009444
21.701029;1009443
21.714167;1009430
21.721075;1009428
21.721741;1009422
21.724246;1009412
21.724438;1009409
21.74361;1009408
21.744183;1009398
21.881839;1009397
21.885551;1009393
21.889229;1009387
21.905307;1009384
21.919711;1009382
21.958838;1009379
22.006349;1009369
22.087141;1009350
22.092681;1009341
22.10612;1009335
22.110427;1009334
22.118735;1009333
22.123084;1009319
22.137174;1009318
22.137417;1009317
22.141617;1009316
22.145786;1009310
22.147333;1009309
22.165973;1009303
22.176697;1009300
22.19877;1009290
22.222832;1009284
22.227693;1009283
22.277399;1009280
22.290315;1009279
22.303116;1009275
22.319164;1009273
22.412974;1009270
22.413878;1009258
22.415469;1009249
22.420741;1009246
22.423024;1009239
22.424871;1009238
22.430843;1009235
22.446738;1009227
22.448438;1009226
22.45409;1009203
22.45448;1009199
22.462475;1009196
22.470059;1009192
22.5162;1009189
22.586916;1009187
22.589665;1009185
22.593045;1009177
22.593992;1009176
22.594256;1009169
22.59536;1009165
22.602231;1009157
22.610447;1009153
22.623258;1009136
22.671121;1009115
22.69146;1009097
22.728445;1009094
22.732097;1009070
22.771313;1009054
22.782146;1009052
22.794585;1009049
23.381147;1009046
23.530586;1009044
23.532351;1009043
23.55767;1009042
23.559651;1009029
23.562532;1009026
23.570893;1009024
23.576673;1009023
23.577196;1009018
23.577359;1009017
23.58811;1009015
23.606895;1009006
23.625682;1009005
23.638055;1009001
23.641058;1008999
23.693885;1008998
23.714548;1008996
23.716477;1008992
23.737297;1008991
23.743995;1008989
23.7498;1008987
23.756467;1008986
23.815658;1008974
23.820024;1008970
23.861133;1008965
23.865295;1008960
23.872794;1008956
23.877769;1008944
23.880396;1008929
23.900431;1008927
23.905895;1008924
23.913869;1008920
23.946114;1008917
23.961273;1008916
23.96899;1008902
24.018995;1008901
24.074452;1008900
24.101125;1008894
24.112681;1008893
24.154589;1008892
24.185787;1008890
24.20345;1008878
24.206272;1008877
24.213423;1008875
24.215207;1008871
24.230633;1008870
24.246763;1008858
24.258393;1008854
24.271183;1008825
24.277851;1008823
24.296548;1008822
24.29675;1008821
24.325013;1008820
24.327515;1008818
24.331445;1008817
24.376809;1008763
24.386295;1008761
24.399436;1008757
24.406614;1008748
24.421585;1008746
24.427596;1008738
24.479215;1008727
24.479518;1008724
24.483444;1008721
24.485032;1008720
24.555611;1008718
24.556301;1008703
24.600677;1008701
24.602355;1008698
24.617371;1008696
24.737046;1008690
24.752204;1008684
24.771693;1008683
24.781815;1008681
24.839891;1008673
24.841282;1008667
24.8563;1008665
24.863076;1008663
24.998557;1008659
25.006114;1008658
25.044663;1008657
25.046017;1008656
25.055499;1008641
25.059224;1008632
25.065866;1008630
25.090048;1008627
25.354698;1008614
25.457159;1008601
25.469768;1008595
25.478922;1008585
25.513197;1008583
25.516363;1008582
25.516957;1008580
25.525609;1008579
25.529457;1008577
25.531303;1008553
25.53245;1008552
25.542722;1008551
25.937048;1008546
25.939179;1008542
25.939869;1008541
25.942553;1008540
26.360848;1008521
26.365253;1008509
26.382916;1008508
26.522003;1008472
26.534274;1008471
26.537861;1008470
26.540679;1008463
26.540846;1008462
26.551698;1008458
26.553084;1008457
26.618287;1008456
26.624986;1008454
26.625591;1008453
26.632411;1008450
26.662405;1008439
26.672733;1008436
26.686239;1008431
26.714374;1008428
26.758059;1008426
26.758747;1008400
26.760183;1008399
26.769489;1008396
26.770762;1008395
26.799035;1008393
26.802164;1008391
26.803636;1008375
26.817858;1008373
26.833049;1008372
26.83345;1008371
26.856884;1008365
26.881981;1008355
26.884969;1008350
26.899409;1008349
26.901725;1008346
26.935363;1008341
26.938931;1008335
26.940576;1008333
26.957653;1008332
26.958731;1008323
26.982789;1008318
26.985366;1008313
26.992245;1008312
27.198703;1008306
27.205849;1008303
27.241311;1008294
27.261285;1008274
27.264665;1008273
27.264912;1008266
27.270113;1008249
27.272494;1008240
27.292124;1008239
27.306096;1008238
27.310377;1008228
27.314784;1008217
27.379977;1008215
27.455377;1008214
27.471661;1008208
27.49437;1008206
27.504129;1008203
27.508547;1008202
27.510784;1008201
27.510942;1008200
27.513112;1008199
27.51394;1008195
27.567694;1008194
27.570322;1008191
27.575808;1008188
27.701149;1008182
27.730814;1008181
27.74503;1008180
27.798388;1008168
27.801962;1008160
28.108915;1008158
28.230274;1008150
28.232278;1008143
28.245061;1008141
28.246094;1008137
28.346469;1008134
28.351274;1008122
28.376475;1008121
28.37675;1008120
28.377632;1008119
28.379815;1008117
28.382711;1008112
28.466217;1008110
28.485099;1008106
28.501958;1008105
28.503687;1008080
28.504889;1008077
28.505614;1008076
28.510651;1008075
28.586319;1008072
28.595047;1008054
28.59671;1008053
28.609766;1008052
28.62486;1008044
28.641898;1008043
28.751622;1008039
28.766661;1008038
28.768471;1008037
28.774835;1008036
28.775208;1008033
28.778227;1008031
28.783681;1008029
28.796816;1008025
28.798114;1008021
28.813881;1008020
28.832475;1008017
28.843005;1007987
28.879439;1007954
28.898678;1007947
28.937918;1007942
28.939192;1007941
28.951433;1007938
29.0699;1007937
29.083618;1007936
29.094527;1007932
29.976655;1007930
30.000756;1007923
30.015675;1007921
30.213367;1007918
30.222446;1007917
30.223956;1007916
30.258863;1007912
30.261998;1007910
30.273708;1007908
30.293512;1007906
30.298571;1007903
30.319415;1007902
30.319878;1007901
30.717901;1007899
30.759701;1007895
30.785252;1007891
30.792981;1007890
30.820184;1007889
30.948159;1007887
30.950796;1007886
30.951957;1007881
30.953379;1007879
30.958838;1007875
30.96331;1007871
30.978309;1007870
30.989701;1007869
31.013846;1007860
31.023081;1007859
31.20493;1007857
31.265997;1007851
31.266409;1007850
31.274261;1007846
31.27579;1007843
31.276146;1007841
31.278822;1007837
31.305116;1007835
31.327724;1007834
31.389528;1007831
31.40375;1007826
31.406336;1007822
31.434218;1007821
31.502103;1007819
31.512754;1007817
31.524626;1007812
31.530882;1007811
31.541238;1007810
31.547704;1007809
31.565389;1007808
31.642183;1007806
31.648004;1007802
31.674567;1007797
31.682064;1007795
31.722096;1007791
31.724514;1007789
31.809175;1007774
31.842701;1007764
31.920119;1007763
31.923027;1007760
32.007614;1007758
32.024748;1007756
32.027773;1007751
32.038042;1007750
32.038529;1007749
32.129135;1007748
32.177325;1007747
32.178555;1007746
32.180134;1007745
32.193397;1007742
32.218678;1007739
32.234056;1007737
32.2406;1007735
32.243285;1007733
32.246459;1007729
32.283145;1007727
32.389824;1007725
32.391766;1007720
32.401502;1007719
32.402623;1007714
32.41713;1007710
32.427059;1007707
32.436556;1007706
32.476965;1007705
32.48383;1007704
32.485201;1007703
32.505742;1007702
32.623974;1007691
32.652121;1007690
32.69192;1007688
32.699042;1007687
32.712349;1007686
32.733717;1007681
32.766621;1007674
32.770766;1007670
32.788199;1007668
32.794346;1007658
32.810937;1007654
32.811584;1007653
32.811833;1007651
32.818571;1007649
32.834042;1007641
32.854708;1007636
32.895642;1007635
32.930148;1007634
32.930631;1007630
32.943334;1007628
32.95042;1007622
32.975002;1007621
32.980573;1007619
32.981279;1007616
33.025532;1007608
33.028079;1007607
33.111164;1007582
33.112078;1007580
33.158106;1007533
33.163333;1007530
33.176969;1007528
33.184974;1007526
33.202733;1007524
33.220168;1007523
33.226159;1007522
33.478627;1007520
33.588059;1007519
33.59299;1007518
33.623232;1007504
33.641051;1007503
33.642928;1007502
33.645555;1007498
33.648175;1007497
33.844263;1007495
33.84478;1007494
33.892666;1007490
33.919863;1007487
33.973249;1007484
34.007352;1007483
34.025565;1007478
34.035621;1007477
34.037153;1007472
34.118462;1007468
34.153139;1007467
34.159156;1007466
34.174904;1007463
34.194092;1007459
34.199928;1007446
34.20559;1007443
34.328197;1007441
34.344321;1007436
34.354789;1007435
34.35533;1007429
34.356323;1007428
34.36427;1007424
34.407691;1007423
34.488893;1007416
34.495776;1007415
34.514689;1007412
34.538986;1007406
34.576404;1007405
34.621654;1007403
34.622034;1007400
34.635561;1007398
34.745222;1007397
34.75782;1007393
34.834352;1007386
34.836892;1007379
34.859239;1007377
34.868162;1007359
34.874303;1007358
34.876524;1007357
34.896609;1007346
34.898007;1007344
34.913939;1007343
34.914397;1007335
34.959237;1007334
35.006957;1007333
35.008074;1007329
35.01694;1007328
35.030596;1007326
35.041272;1007325
35.083099;1007324
35.104531;1007322
35.137903;1007321
35.253388;1007286
35.267124;1007281
35.271798;1007278
35.278941;1007247
35.426113;1007241
35.451572;1007238
35.478257;1007236
35.619413;1007228
35.698881;1007226
35.706427;1007223
35.712287;1007219
35.848936;1007218
35.878644;1007217
35.885848;1007216
35.992684;1007215
36.001426;1007214
36.00456;1007210
36.026488;1007208
36.026969;1007207
36.030766;1007204
36.047826;1007202
36.051337;1007200
36.055517;1007199
36.068581;1007195
36.074572;1007190
36.089158;1007189
36.098783;1007186
36.124889;1007177
36.127611;1007176
36.157901;1007175
36.158112;1007174
36.192912;1007172
36.204874;1007171
36.213004;1007170
36.227516;1007166
36.243175;1007164
36.253152;1007162
36.254976;1007161
36.279467;1007158
36.282084;1007154
36.383907;1007153
36.386928;1007148
36.387905;1007146
36.396804;1007145
36.420222;1007140
36.436208;1007139
36.478187;1007135
36.51809;1007134
36.538861;1007133
36.552268;1007119
36.823283;1007115
36.842044;1007101
36.846245;1007100
37.045786;1007099
37.208932;1007098
37.25067;1007096
37.269411;1007094
37.275088;1007093
37.330377;1007091
37.345838;1007087
37.34899;1007085
37.357386;1007082
37.370025;1007081
37.373501;1007068
37.388465;1007067
37.407754;1007066
37.41611;1007065
37.418515;1007060
37.445918;1007058
37.454083;1007057
37.460942;1007051
37.467764;1007050
37.473557;1007046
37.497575;1007042
37.525047;1007039
37.530223;1007029
37.675319;1007028
37.704752;1007024
37.705276;1007023
37.716201;1007022
37.717214;1007020
37.726439;1007019
37.729256;1007018
37.733762;1007001
37.78916;1006994
37.794847;1006989
37.820243;1006985
37.95809;1006978
37.964852;1006976
37.991476;1006975
38.013905;1006950
38.015697;1006949
38.023276;1006941
38.048039;1006940
38.245554;1006937
38.254027;1006935
38.27524;1006933
38.292477;1006930
38.340553;1006929
38.351395;1006928
38.526762;1006926
38.530966;1006919
38.556853;1006917
38.81356;1006895
38.827121;1006884
38.958178;1006876
39.055063;1006872
39.056118;1006871
39.100095;1006869
39.101931;1006868
39.115149;1006867
39.131877;1006866
39.148055;1006860
39.15007;1006859
39.153639;1006858
39.173996;1006857
39.210581;1006853
39.282356;1006851
39.416868;1006849
39.453649;1006847
39.486193;1006846
39.524094;1006842
39.55132;1006837
39.639627;1006830
39.833255;1006829
39.977439;1006827
39.97801;1006824
40.202406;1006818
40.20812;1006817
40.215299;1006814
40.221966;1006813
40.277308;1006811
40.359951;1006810
40.364013;1006809
40.386252;1006808
40.400978;1006807
40.40461;1006803
40.424707;1006799
40.486556;1006782
40.499845;1006781
40.501895;1006779
40.505086;1006774
40.517916;1006773
40.527443;1006772
40.530785;1006771
40.553295;1006767
40.555837;1006766
40.652329;1006765
40.907206;1006764
41.024618;1006762
41.039767;1006761
41.074682;1006760
41.077845;1006759
41.110964;1006757
41.112621;1006756
41.130078;1006754
41.132261;1006753
41.143516;1006751
41.432034;1006750
41.470189;1006749
41.923366;1006748
41.933598;1006747
42.046885;1006746
42.100725;1006745
42.120027;1006744
42.232987;1006740
42.275533;1006737
42.278482;1006732
42.33839;1006731
42.355011;1006727
42.405306;1006726
42.439001;1006724
42.495802;1006718
42.526242;1006717
42.652131;1006691
42.67772;1006690
42.686345;1006689
42.73646;1006688
42.876211;1006687
42.89093;1006686
42.925129;1006685
42.928568;1006683
42.996407;1006681
42.997673;1006680
43.030229;1006677
43.208279;1006676
43.2377;1006670
43.267504;1006669
43.314081;1006664
43.315192;1006663
43.32649;1006661
43.349204;1006660
43.608998;1006659
43.631106;1006647
43.631528;1006645
43.680731;1006644
43.698705;1006637
43.752218;1006634
43.776587;1006632
43.78429;1006628
44.054884;1006627
44.125772;1006622
44.188437;1006621
44.212245;1006620
44.236722;1006619
44.258444;1006617
44.269335;1006610
44.354833;1006606
44.481553;1006605
44.509249;1006604
44.627262;1006600
44.644231;1006594
44.765202;1006592
44.790496;1006591
44.792905;1006589
44.846933;1006588
44.85261;1006586
44.853072;1006585
44.901484;1006583
44.924802;1006572
44.948816;1006568
44.960628;1006553
44.973884;1006550
45.538697;1006549
45.555848;1006548
45.556354;1006546
45.607364;1006506
45.621088;1006505
45.633227;1006499
45.642857;1006496
45.727182;1006484
45.740007;1006482
45.752168;1006481
45.758283;1006480
45.772298;1006476
45.777427;1006470
45.787261;1006469
45.802286;1006468
45.809726;1006466
45.858942;1006465
45.868684;1006463
45.876102;1006460
45.886601;1006459
45.890743;1006458
46.021423;1006457
46.03215;1006456
46.068985;1006451
46.203847;1006449
46.206048;1006446
46.214422;1006445
46.22635;1006444
46.229372;1006439
46.254045;1006432
46.254402;1006431
46.254661;1006430
46.255786;1006429
46.296514;1006427
46.314429;1006426
46.370608;1006424
46.378879;1006423
46.380801;1006419
46.445214;1006418
46.466582;1006417
46.499956;1006416
46.513329;1006414
46.562063;1006413
46.565612;1006412
46.663735;1006411
46.708484;1006386
46.766012;1006385
46.766371;1006383
46.808545;1006381
46.813526;1006374
47.000183;1006372
47.037576;1006371
47.062384;1006370
47.270258;1006369
47.294861;1006368
47.411291;1006361
47.558482;1006360
47.579645;1006358
47.606003;1006354
47.669291;1006352
47.683835;1006350
47.754634;1006348
47.755553;1006343
47.8339;1006341
47.845704;1006340
47.84778;1006339
47.849643;1006338
47.947348;1006337
47.983193;1006335
47.985178;1006334
47.992946;1006333
48.049927;1006331
48.081883;1006327
48.10116;1006326
48.114934;1006325
48.153201;1006319
48.213968;1006309
48.220314;1006308
48.408313;1006307
48.439739;1006306
48.479836;1006304
48.521328;1006303
48.530767;1006302
48.540351;1006301
48.573352;1006300
48.602365;1006299
48.643327;1006298
48.706187;1006297
48.794531;1006296
48.813184;1006293
48.813565;1006287
48.820659;1006286
48.825272;1006284
48.86615;1006283
48.947672;1006282
49.004743;1006281
49.197954;1006279
49.237277;1006277
49.243928;1006275
49.725974;1006274
49.755974;1006273
49.861896;1006270
49.876149;1006269
49.927286;1006257
50.070557;1006256
50.087417;1006255
50.093176;1006254
50.160582;1006253
50.328032;1006252
50.372054;1006251
50.572695;1006247
50.575901;1006244
50.642559;1006242
50.647983;1006237
50.653904;1006236
50.762002;1006235
50.788965;1006210
50.886653;1006207
50.88703;1006206
50.897581;1006203
50.932891;1006200
50.985541;1006194
50.986305;1006193
50.995255;1006188
51.082493;1006187
51.102027;1006186
51.258118;1006185
51.290621;1006184
51.299398;1006183
51.33304;1006182
51.412023;1006181
51.433221;1006180
51.442266;1006179
51.505296;1006178
51.708437;1006177
51.757651;1006176
51.768726;1006175
52.078578;1006174
52.099871;1006171
52.234557;1006161
52.268137;1006160
52.281001;1006135
52.326043;1006133
52.333671;1006132
52.35502;1006128
53.100263;1006120
53.226713;1006118
53.297626;1006114
53.370655;1006113
53.411064;1006110
53.412133;1006109
53.715134;1006104
53.718796;1006103
53.731708;1006100
53.732081;1006098
53.776464;1006093
53.847293;1006086
54.012807;1006085
54.031376;1006084
54.046443;1006083
54.055659;1006081
54.162367;1006080
54.528731;1006079
54.670588;1006078
54.728027;1006075
54.821396;1006074
54.822171;1006072
54.831353;1006071
54.850482;1006060
54.896753;1006059
55.050605;1006056
55.064391;1006055
55.370473;1006054
55.377285;1006053
55.383119;1006051
55.427141;1006035
55.436769;1006023
55.443603;1006022
55.470944;1006021
55.473793;1006020
55.495689;1006019
55.576376;1006018
55.678227;1006017
55.812971;1006001
55.833714;1005998
55.857594;1005997
55.869833;1005996
55.87019;1005995
55.87214;1005994
55.940692;1005983
55.958362;1005980
56.339079;1005979
56.409748;1005977
56.602266;1005974
56.689449;1005973
56.698583;1005971
56.724676;1005970
56.861973;1005967
56.969051;1005951
57.216131;1005950
57.270294;1005938
57.274357;1005929
57.291874;1005926
57.301947;1005925
57.375775;1005924
57.409745;1005923
57.461311;1005922
57.462416;1005912
57.472693;1005910
57.805992;1005909
57.821876;1005908
57.903148;1005877
58.023726;1005852
58.252857;1005851
58.293421;1005850
58.301129;1005849
58.308642;1005848
58.358755;1005847
58.38246;1005842
58.408494;1005841
58.41184;1005838
58.448137;1005836
58.531089;1005835
58.538025;1005830
58.676994;1005828
58.755741;1005822
58.761639;1005805
58.799138;1005803
58.876833;1005802
58.907416;1005799
58.955242;1005798
59.035812;1005797
59.064016;1005794
59.275417;1005790
59.405005;1005784
59.445596;1005783
59.461479;1005782
59.564306;1005780
59.589043;1005779
59.617484;1005778
59.922807;1005777
59.934207;1005776
59.935279;1005772
59.982901;1005764
60.233023;1005741
60.240533;1005740
60.241127;1005739
60.270548;1005733
60.4016;1005732
60.45568;1005730
60.467799;1005729
60.511906;1005726
60.567103;1005725
60.800062;1005721
60.800732;1005719
60.994958;1005717
61.103213;1005716
61.16891;1005715
61.230287;1005714
61.236982;1005713
61.270093;1005708
61.281465;1005703
61.375524;1005698
61.424962;1005691
61.558617;1005689
61.568591;1005684
61.660229;1005683
61.684585;1005679
61.842435;1005678
61.858488;1005673
62.064306;1005672
62.124248;1005671
62.158011;1005661
62.281429;1005653
62.308873;1005640
62.631002;1005626
62.777555;1005625
62.955955;1005622
62.983728;1005621
63.040255;1005619
63.078217;1005614
63.485573;1005609
63.55564;1005608
63.593995;1005600
63.772354;1005599
63.952737;1005592
64.280922;1005586
64.356723;1005581
64.467018;1005580
64.559213;1005572
64.580187;1005565
64.691142;1005562
64.720448;1005561
64.731003;1005536
64.757048;1005534
64.777638;1005506
64.78694;1005505
64.813803;1005504
64.938942;1005502
64.945845;1005501
65.106486;1005500
65.106969;1005495
65.275698;1005467
65.344489;1005461
65.436219;1005456
65.489875;1005454
65.56764;1005453
65.782547;1005430
65.862374;1005419
65.973391;1005418
66.124385;1005416
66.229149;1005409
66.417621;1005408
66.474219;1005407
66.488776;1005399
66.620248;1005398
66.70011;1005389
66.828995;1005382
66.832963;1005381
66.910797;1005373
67.447242;1005364
67.640025;1005360
67.655377;1005359
67.677878;1005352
67.779193;1005350
67.780131;1005348
67.871631;1005347
67.90443;1005346
67.962938;1005345
67.967873;1005343
68.147744;1005342
68.700463;1005341
68.981704;1005340
69.180734;1005339
69.288083;1005335
69.656433;1005329
69.684379;1005318
69.684632;1005317
69.70336;1005316
69.76503;1005313
69.772455;1005299
69.8317;1005298
69.991167;1005297
70.172058;1005296
70.221484;1005295
70.26296;1005293
70.324442;1005291
70.36464;1005289
70.417888;1005288
70.43552;1005280
70.445679;1005277
70.532661;1005270
70.568218;1005269
70.64634;1005262
70.715648;1005261
70.728532;1005259
70.736713;1005256
70.864185;1005253
70.893172;1005249
71.324172;1005241
71.354248;1005238
71.509122;1005233
71.692848;1005232
71.871669;1005231
71.8984;1005230
71.929761;1005229
71.972783;1005228
72.040148;1005219
72.131849;1005218
72.298987;1005217
72.32225;1005213
72.670592;1005196
72.847321;1005184
73.023752;1005181
73.06925;1005180
73.432428;1005179
73.514533;1005170
73.543226;1005169
73.601993;1005164
73.758074;1005163
73.764328;1005151
73.769598;1005149
73.77039;1005148
73.956699;1005146
74.17782;1005142
74.513492;1005132
74.581228;1005128
74.859346;1005126
75.103188;1005125
75.387932;1005124
75.517234;1005119
75.641268;1005110
75.672928;1005109
75.778065;1005108
75.815588;1005103
75.928214;1005102
76.007841;1005073
76.06894;1005068
76.407379;1005065
76.515139;1005043
77.407205;1005042
77.455165;1005041
77.508005;1005040
77.643468;1005039
77.77652;1005034
77.876775;1005032
78.433931;1005027
78.595274;1005018
78.597063;1005017
79.014109;1005014
79.081732;1005011
79.317098;1005010
79.593662;1005008
79.657332;1005003
80.017243;1005002
80.1993;1005001
80.215663;1004999
80.219754;1004997
80.401616;1004994
80.475914;1004991
80.615142;1004988
80.721677;1004987
81.325852;1004986
81.329996;1004983
81.39494;1004982
81.600322;1004978
81.636463;1004976
81.701926;1004975
82.24852;1004972
82.808014;1004971
82.81447;1004970
83.158433;1004947
83.179275;1004944
83.350623;1004943
83.421897;1004942
83.438821;1004941
83.884333;1004921
83.991049;1004906
84.03645;1004887
84.479566;1004877
84.597643;1004876
84.630999;1004873
84.666744;1004854
84.673979;1004849
84.694026;1004845
84.820298;1004842
85.146344;1004841
85.200762;1004840
85.349714;1004837
85.960502;1004832
86.139521;1004828
86.351682;1004825
86.706805;1004824
87.058633;1004823
87.10686;1004818
87.450671;1004817
87.779681;1004805
87.889829;1004804
88.123688;1004763
88.136353;1004762
88.259383;1004751
88.621706;1004749
88.632186;1004745
88.769985;1004744
89.184005;1004739
89.302473;1004737
89.305227;1004736
90.255668;1004735
90.279664;1004715
90.693531;1004712
90.859093;1004703
90.865732;1004695
91.123398;1004694
92.220504;1004691
92.715416;1004690
92.722487;1004689
93.288517;1004688
94.590854;1004687
94.769121;1004683
94.811145;1004678
95.386482;1004677
96.521739;1004674
96.676617;1004672
96.860881;1004666
97.286209;1004663
97.490682;1004657
97.742691;1004643
98.478258;1004619
98.480509;1004618
99.075995;1004617
99.168008;1004610
99.222275;1004606
99.842415;1004605
99.999305;1004604
100.664381;1004603
101.59543;1004602
102.145446;1004598
102.483094;1004597
102.957731;1004584
103.039561;1004582
103.209455;1004545
103.248661;1004543
103.258752;1004542
103.484336;1004539
104.447023;1004537
104.609361;1004535
104.658455;1004532
105.502365;1004531
105.636222;1004530
105.70935;1004526
106.354236;1004525
106.404188;1004524
106.412493;1004521
106.535652;1004512
106.611466;1004511
106.98746;1004510
107.657932;1004508
107.913978;1004507
108.274121;1004506
108.666415;1004504
108.675538;1004500
108.916147;1004499
108.945109;1004498
109.564542;1004496
109.685465;1004493
110.728699;1004492
111.002832;1004487
111.251409;1004485
111.336581;1004475
111.387581;1004456
111.878738;1004447
111.972194;1004438
111.991639;1004437
112.234232;1004436
112.278448;1004429
112.49881;1004428
112.53655;1004427
112.611577;1004416
113.575183;1004404
113.759323;1004403
114.263446;1004402
114.537869;1004399
114.638822;1004354
114.675988;1004353
114.836657;1004349
114.85641;1004347
115.165963;1004344
115.726465;1004335
115.735704;1004330
116.586208;1004325
116.617918;1004323
116.766539;1004322
117.22364;1004316
117.471371;1004315
117.972911;1004314
117.975867;1004312
118.071413;1004306
118.908603;1004304
119.350294;1004303
119.612179;1004302
119.797649;1004299
119.891349;1004295
120.034176;1004291
120.207464;1004290
120.221978;1004281
120.547205;1004279
120.88267;1004278
121.009918;1004277
121.139102;1004274
121.25448;1004273
121.438393;1004270
121.549709;1004264
121.727575;1004262
122.128424;1004250
122.2357;1004243
122.330025;1004242
122.594387;1004241
122.705243;1004236
123.092063;1004235
123.147321;1004233
123.169352;1004223
123.308459;1004222
123.380985;1004221
123.772942;1004220
123.905668;1004218
124.322519;1004217
124.595247;1004216
124.699559;1004208
124.758596;1004207
124.881728;1004202
124.888177;1004201
125.272976;1004177
125.462588;1004165
125.660467;1004164
125.69463;1004134
125.841088;1004129
125.934077;1004121
125.963671;1004120
126.561504;1004116
126.734691;1004114
126.919161;1004085
127.143453;1004082
127.317579;1004067
127.504636;1004066
127.849863;1004064
128.187907;1004060
129.197833;1004018
129.653135;1004017
130.071184;1004009
130.775945;1004006
131.745642;1004005
132.070354;1004004
132.287577;1003992
133.352813;1003990
133.432067;1003988
133.722902;1003983
133.728876;1003980
133.924;1003979
133.978474;1003978
135.140039;1003977
136.961744;1003976
137.026975;1003975
137.238813;1003974
137.308761;1003973
139.130376;1003972
139.438417;1003968
139.91598;1003935
139.986834;1003934
140.738121;1003911
140.818888;1003910
141.9973;1003905
142.899003;1003903
143.628692;1003874
145.376518;1003871
145.897179;1003870
146.532258;1003868
146.724306;1003867
146.727011;1003848
146.872482;1003847
146.888156;1003846
147.543704;1003839
148.413928;1003838
148.972957;1003836
149.770861;1003816
149.996472;1003814
150.124194;1003813
150.150857;1003812
150.689061;1003811
150.882492;1003810
151.408072;1003808
151.621866;1003803
152.677953;1003771
152.764674;1003768
152.797772;1003766
154.495358;1003747
154.914012;1003746
155.208435;1003744
155.428968;1003742
155.532427;1003741
155.684973;1003733
155.952207;1003728
156.006964;1003726
156.453574;1003724
156.977054;1003722
158.539937;1003719
159.051112;1003717
160.684643;1003706
161.288867;1003704
161.315942;1003699
162.458653;1003686
162.72718;1003681
162.819415;1003680
162.931023;1003677
163.153177;1003674
164.281664;1003673
164.659893;1003664
165.772413;1003655
166.724128;1003653
166.905736;1003652
167.335157;1003645
167.951028;1003644
170.972546;1003643
171.741562;1003642
173.358776;1003632
174.006851;1003631
174.499154;1003629
174.885974;1003628
175.824118;1003627
177.844833;1003626
178.277222;1003623
179.075843;1003615
181.448907;1003614
183.668706;1003611
183.763818;1003610
185.158749;1003609
187.939396;1003598
191.150217;1003597
193.652394;1003591
193.804936;1003580
194.199601;1003579
194.446404;1003578
194.845025;1003572
196.1727;1003569
197.259062;1003567
197.859185;1003566
198.840094;1003564
199.092924;1003563
199.884892;1003562
200.589206;1003556
201.308219;1003550
202.118451;1003543
202.690933;1003537
202.951013;1003536
203.694285;1003534
206.053964;1003525
206.100436;1003523
206.925905;1003521
207.066699;1003519
207.377267;1003518
208.553641;1003515
209.74876;1003511
210.11483;1003507
210.949226;1003506
211.47148;1003466
212.869054;1003460
214.028989;1003459
215.02261;1003456
215.039262;1003414
215.889335;1003413
216.233673;1003409
218.660501;1003405
220.111119;1003404
220.331828;1003401
220.548286;1003400
221.711287;1003396
222.210688;1003394
222.251828;1003393
222.581097;1003349
222.922462;1003348
223.249299;1003347
223.684043;1003345
224.68583;1003344
225.112208;1003342
225.241818;1003341
225.300397;1003340
225.714475;1003339
227.180176;1003335
227.496962;1003334
227.797109;1003306
228.350457;1003305
229.416875;1003302
230.509008;1003293
230.891854;1003292
232.082968;1003249
232.234042;1003244
232.43165;1003242
232.611643;1003240
233.216472;1003239
234.596416;1003238
234.9928;1003237
236.296695;1003234
236.481658;1003231
238.757513;1003230
239.803964;1003229
243.720617;1003222
244.773892;1003221
244.991818;1003217
246.718494;1003213
247.585412;1003212
249.548549;1003211
249.915464;1003210
251.67419;1003209
252.981155;1003206
254.820166;1003205
254.906986;1003203
255.279421;1003202
255.872563;1003200
261.462994;1003199
261.994736;1003198
263.57972;1003194
263.626508;1003192
263.864374;1003191
264.420755;1003188
266.527066;1003186
266.802137;1003184
267.560324;1003183
268.297377;1003182
268.833016;1003181
270.113504;1003180
274.007343;1003179
274.180652;1003178
274.475936;1003176
276.577381;1003175
280.086845;1003172
282.187165;1003171
285.50072;1003170
290.035272;1003168
295.532239;1003164
296.644984;1003150
297.049344;1003148
297.342857;1003147
297.51613;1003144
297.913054;1003114
299.028247;1003113
299.268279;1003109
306.115985;1003101
306.325509;1003100
307.319916;1003098
308.820656;1003097
309.614926;1003096
310.165552;1003095
310.242113;1003086
312.107568;1003085
312.611721;1003081
313.207522;1003079
313.973078;1003071
315.115904;1003068
315.836098;1003062
316.044266;1003059
317.383959;1003058
318.45277;1003055
320.743769;1003054
322.200355;1003053
322.386098;1003047
322.999677;1003014
323.428041;1002951
323.507132;1002943
323.799836;1002942
323.844785;1002932
324.258476;1002929
324.475405;1002928
325.284377;1002914
325.418246;1002911
325.569202;1002908
325.735322;1002903
325.809874;1002902
326.045473;1002899
326.172379;1002887
326.455682;1002885
326.504624;1002884
326.560545;1002879
327.078688;1002875
328.331556;1002874
329.096093;1002872
329.37448;1002864
329.54032;1002862
329.87611;1002852
330.878425;1002839
332.029972;1002838
332.219895;1002837
333.187608;1002836
338.538051;1002831
340.346118;1002828
341.614635;1002827
342.225872;1002826
344.443843;1002821
345.138686;1002819
345.182771;1002809
345.474182;1002808
345.555121;1002807
346.533213;1002806
346.632654;1002805
349.459706;1002800
349.491527;1002786
349.721157;1002777
350.340698;1002775
351.747102;1002774
351.87772;1002771
352.279098;1002769
352.751945;1002767
354.185462;1002766
354.276376;1002765
354.985719;1002764
355.616299;1002763
357.449553;1002762
358.131987;1002759
358.413493;1002757
359.618417;1002740
361.33624;1002734
361.859662;1002733
363.405082;1002728
365.261142;1002714
365.474165;1002678
365.49749;1002638
365.719325;1002635
365.952188;1002554
366.24688;1002551
366.461672;1002542
366.610206;1002541
367.359357;1002527
369.320196;1002524
370.480276;1002523
371.988522;1002522
372.135739;1002520
372.507137;1002519
372.974494;1002518
373.081118;1002509
374.69433;1002492
374.74291;1002491
375.233555;1002483
377.503643;1002471
377.65102;1002466
377.847091;1002463
378.174566;1002422
379.976974;1002410
380.790993;1002408
382.47336;1002407
383.664049;1002398
384.996593;1002392
385.550387;1002391
386.76523;1002389
387.007969;1002382
389.968574;1002378
391.036658;1002377
391.069801;1002352
400.388682;1002350
400.862156;1002346
401.50082;1002339
403.539196;1002318
404.558851;1002317
405.450737;1002308
405.838597;1002307
406.397333;1002300
406.583777;1002299
409.049106;1002297
413.073861;1002296
413.909575;1002294
414.38797;1002289
414.751877;1002288
418.765107;1002281
419.340386;1002277
419.406559;1002255
419.427273;1002232
419.649688;1002231
419.955143;1002229
420.035771;1002228
420.324787;1002224
421.103783;1002215
422.021468;1002209
422.094449;1002208
424.065289;1002207
425.559478;1002206
425.880122;1002204
426.265653;1002197
427.926554;1002190
429.858556;1002188
430.753253;1002187
431.670551;1002181
431.929395;1002172
432.137683;1002170
432.528532;1002168
433.591226;1002167
435.436016;1002166
438.108631;1002163
438.579191;1002162
439.389034;1002157
439.763927;1002155
439.88853;1002154
440.6548;1002141
442.032228;1002140
443.028443;1002133
443.674066;1002131
443.863144;1002130
446.024514;1002129
446.085568;1002128
450.208248;1002123
454.356529;1002115
455.358943;1002107
456.828784;1002103
460.767603;1002098
462.570321;1002097
464.485181;1002096
465.157557;1002095
468.092141;1002083
468.529006;1002075
468.735272;1002074
468.907456;1002073
470.17466;1002072
470.328265;1002070
470.622305;1002045
473.260869;1002044
478.397844;1002031
479.318897;1002030
479.691654;1002029
484.328531;1002028
486.021185;1002026
486.75288;1002025
489.150369;1002022
491.185172;1002020
491.344932;1001994
491.382554;1001938
491.404524;1001926
491.423415;1001909
491.465277;1001904
492.090849;1001901
492.885427;1001896
493.521175;1001894
493.567284;1001888
494.018028;1001864
495.698347;1001856
495.913542;1001854
498.420431;1001853
500.598101;1001852
500.688422;1001851
503.30654;1001850
512.970046;1001848
513.49463;1001821
517.193634;1001820
523.092717;1001815
529.234722;1001814
529.690548;1001813
543.114644;1001804
549.904689;1001800
557.166894;1001793
557.188651;1001792
560.457492;1001791
560.981911;1001790
561.25182;1001789
561.658749;1001788
564.67725;1001787
568.199902;1001786
568.317216;1001785
570.118874;1001784
572.535983;1001783
584.855317;1001778
585.710251;1001777
586.146179;1001773
587.215626;1001764
591.098479;1001763
591.865147;1001747
595.484945;1001745
595.886633;1001743
603.568847;1001741
604.227373;1001733
604.632616;1001728
606.702843;1001726
607.415085;1001725
613.059649;1001721
613.59986;1001719
615.129531;1001718
616.2178;1001716
618.407041;1001713
625.84674;1001711
628.759824;1001708
638.481678;1001707
647.944945;1001705
648.174069;1001697
649.551798;1001696
649.832264;1001689
652.212938;1001688
652.308538;1001686
656.70661;1001685
662.970798;1001683
667.202002;1001681
668.428012;1001676
671.20631;1001663
671.875661;1001662
672.800928;1001661
676.296406;1001659
678.19723;1001658
678.685441;1001656
679.921046;1001653
682.485865;1001652
682.603528;1001651
683.133018;1001650
686.422962;1001649
687.236701;1001645
689.963589;1001642
693.211143;1001641
695.251541;1001628
696.363722;1001621
696.966963;1001620
697.288544;1001619
706.377425;1001618
706.637118;1001615
706.766742;1001614
710.840284;1001613
712.721765;1001612
715.923217;1001611
716.287484;1001607
720.232192;1001598
738.291422;1001595
743.553252;1001593
746.34942;1001591
747.237559;1001590
752.269359;1001589
758.515822;1001587
760.380792;1001586
762.777652;1001585
769.103304;1001582
770.196708;1001579
770.941264;1001578
772.630287;1001577
774.059001;1001575
779.742291;1001574
780.248149;1001568
782.617703;1001567
783.229433;1001566
786.239787;1001565
787.701014;1001564
787.940252;1001561
791.029095;1001556
792.47266;1001555
793.030306;1001554
802.812394;1001550
807.047177;1001547
808.44459;1001546
810.188373;1001544
811.16985;1001543
812.295053;1001541
813.784981;1001540
815.839117;1001534
816.664087;1001533
816.898665;1001532
817.195732;1001528
823.092729;1001527
825.116695;1001526
826.5976;1001525
833.589789;1001523
835.710453;1001518
835.728164;1001517
838.362205;1001515
838.875779;1001510
839.885877;1001508
839.90283;1001502
840.220314;1001500
840.963791;1001499
841.147775;1001493
841.563174;1001488
843.068157;1001480
843.726581;1001479
850.118844;1001478
861.521146;1001475
864.520944;1001468
872.864159;1001467
876.86551;1001465
878.490129;1001459
881.554323;1001458
882.781955;1001457
883.19128;1001456
885.348316;1001435
885.388922;1001434
898.259376;1001433
902.198847;1001431
903.226819;1001429
903.845187;1001428
912.016231;1001426
913.907832;1001424
914.533584;1001423
914.553359;1001422
918.148201;1001421
919.746823;1001420
931.468582;1001415
933.968398;1001414
937.855235;1001410
939.4325;1001394
941.558111;1001393
945.11219;1001392
946.566652;1001391
947.885659;1001390
955.740863;1001389
980.635485;1001387
990.032849;1001386
1008.59614;1001353
1009.371329;1001337
1014.13521;1001333
1017.442655;1001327
1020.115899;1001326
1021.531706;1001320
1025.290618;1001319
1026.478872;1001318
1027.180271;1001317
1029.184336;1001293
1031.216174;1001288
1037.448159;1001280
1047.703864;1001278
1051.921459;1001277
1053.052446;1001274
1058.106653;1001273
1058.406022;1001272
1063.869643;1001270
1064.299845;1001269
1068.726192;1001266
1069.352597;1001262
1071.430454;1001260
1073.120744;1001257
1075.245608;1001256
1088.828113;1001254
1093.143664;1001253
1097.747054;1001251
1098.469222;1001246
1105.465928;1001245
1106.642194;1001243
1107.470972;1001242
1114.294899;1001240
1117.765885;1001239
1120.706287;1001234
1121.388691;1001233
1128.585886;1001232
1129.741242;1001231
1150.776183;1001230
1167.524501;1001228
1173.446289;1001227
1174.81459;1001225
1183.731576;1001224
1193.141106;1001223
1203.476265;1001207
1204.014874;1001185
1209.51678;1001184
1265.811319;1001180
1266.634059;1001179
1268.766253;1001175
1270.502055;1001168
1275.116601;1001166
1287.293511;1001164
1287.309964;1001140
1291.215689;1001136
1303.148897;1001049
1303.507976;1001046
1303.707191;1001045
1304.114842;1001030
1304.752646;1001029
1305.061157;1001022
1306.494557;1001020
1311.569424;1001019
1311.845781;1001014
1312.733823;1001013
1312.976;1001012
1313.216315;1001011
1313.975525;1001010
1314.245031;1001003
1314.567769;1001002
1318.812319;1000983
1320.289914;1000982
1321.269833;1000976
1336.485572;1000966
1338.757061;1000964
1348.915994;1000963
1363.078313;1000962
1372.84985;1000957
1382.345807;1000948
1394.91836;1000946
1403.425687;1000938
1404.327179;1000933
1404.500238;1000926
1404.993954;1000912
1418.844585;1000903
1420.126514;1000902
1420.862555;1000900
1421.274452;1000898
1423.309919;1000897
1423.528993;1000879
1448.030447;1000868
1451.119359;1000867
1461.064916;1000851
1461.586025;1000840
1467.607872;1000839
1470.343052;1000837
1479.260153;1000835
1487.044922;1000834
1492.262527;1000828
1493.461741;1000827
1498.059753;1000826
1502.578117;1000816
1505.29242;1000813
1521.28346;1000808
1527.702662;1000803
1529.882461;1000802
1531.002236;1000800
1532.351046;1000799
1537.55765;1000778
1540.243356;1000772
1542.363437;1000770
1545.231905;1000754
1551.060909;1000749
1569.403471;1000748
1571.046497;1000747
1572.21613;1000746
1572.851132;1000742
1579.773428;1000740
1580.260363;1000739
1589.248047;1000733
1605.042792;1000732
1615.730453;1000731
1655.836332;1000722
1659.451387;1000720
1668.88008;1000719
1683.544293;1000711
1691.391829;1000710
1692.402606;1000702
1692.589172;1000701
1700.733345;1000697
1712.811131;1000696
1716.61951;1000684
1717.180397;1000682
1720.341734;1000680
1721.348171;1000679
1724.698843;1000678
1730.582351;1000677
1733.21416;1000670
1733.540865;1000665
1739.680663;1000664
1742.069265;1000659
1743.856934;1000658
1745.978183;1000656
1756.374278;1000653
1767.146596;1000652
1768.708661;1000648
1772.474929;1000645
1774.876454;1000640
1783.053805;1000639
1783.267763;1000637
1808.499135;1000632
1809.21231;1000631
1809.457324;1000624
1814.358174;1000620
1819.531718;1000619
1841.043224;1000605
1856.050151;1000604
1872.175614;1000603
1877.620841;1000601
1892.477491;1000600
1911.473858;1000598
1919.544915;1000596
1922.930402;1000595
1923.004807;1000594
1926.751967;1000593
1930.567809;1000590
1934.679407;1000589
1986.377444;1000587
2013.605126;1000586
2033.613026;1000584
2045.500173;1000582
2045.806304;1000581
2049.272874;1000575
2050.169366;1000574
2058.243621;1000573
2058.684191;1000572
2065.324306;1000571
2072.055352;1000570
2072.673865;1000568
2075.966158;1000567
2121.729404;1000566
2190.115883;1000565
2271.227808;1000564
2284.312248;1000562
2319.76345;1000561
2331.976571;1000556
2369.107985;1000553
2392.835524;1000542
2394.611411;1000533
2395.062845;1000522
2397.87933;1000514
2400.645308;1000509
2405.647457;1000508
2411.1665;1000503
2418.726282;1000501
2435.674962;1000492
2439.703922;1000488
2441.831302;1000484
2441.977543;1000482
2442.813463;1000478
2443.88166;1000471
2453.401794;1000470
2454.965809;1000465
2493.48873;1000464
2502.40672;1000452
2509.579396;1000448
2512.9878;1000442
2513.152944;1000440
2519.813423;1000439
2522.476326;1000437
2529.043912;1000436
2590.309271;1000433
2663.280889;1000412
2663.64424;1000396
2674.024952;1000392
2678.380041;1000391
2690.915465;1000390
2691.171436;1000388
2699.136115;1000387
2706.329084;1000385
2708.282766;1000362
2708.350207;1000359
2710.742878;1000355
2729.058933;1000351
2733.98444;1000347
2737.96042;1000340
2738.69099;1000338
2904.739271;1000337
2907.050505;1000336
2927.273379;1000331
2994.013083;1000329
3127.543893;1000328
3134.302418;1000326
3248.406232;1000323
3250.843015;1000320
3256.233861;1000317
3261.525667;1000316
3267.442511;1000292
3268.051466;1000289
3269.594745;1000288
3275.207973;1000287
3285.687225;1000286
3286.028108;1000285
3289.554005;1000281
3292.139362;1000280
3295.151832;1000279
3295.162744;1000278
3319.797339;1000277
3321.250753;1000265
3328.928294;1000261
3331.12833;1000260
3331.867167;1000259
3332.798447;1000258
3340.113068;1000256
3346.711557;1000255
3355.271755;1000253
3361.425431;1000250
3419.086079;1000249
3427.551004;1000247
3428.973068;1000246
3433.17099;1000242
3436.917965;1000241
3438.30323;1000228
3438.668402;1000225
3439.939586;1000224
3454.990976;1000219
3545.648897;1000218
3548.670291;1000215
3562.30661;1000213
3565.187907;1000204
3642.441381;1000198
3643.521538;1000196
3646.754623;1000191
3652.171737;1000190
3666.213268;1000173
3714.054399;1000169
3714.080522;1000168
3714.277571;1000164
3715.547752;1000163
3716.951816;1000161
3723.116631;1000156
3739.113465;1000154
3745.609093;1000145
3754.870143;1000142
3756.24787;1000139
3757.119362;1000136
3757.677189;1000132
3758.159838;1000131
3759.940023;1000130
3765.911676;1000129
3766.453011;1000126
3777.496615;1000119
3871.706849;1000118
3880.825537;1000117
3898.180101;1000116
3899.74958;1000115
3899.936182;1000114
3903.085914;1000113
3909.655638;1000111
3918.331482;1000110
3929.533358;1000109
3936.994554;1000107
3982.198139;1000076
3985.129642;1000073
4001.943091;1000072
4028.120179;1000071
4029.930737;1000068
4072.415321;1000067
4078.339623;1000064
4078.386201;1000063
4107.586097;1000062
4112.976155;1000061
4126.156544;1000060
4127.194159;1000059
4129.246525;1000054
4174.223646;1000047
4182.752058;1000044
4190.507503;1000042
4190.779113;1000041
4219.908208;1000033
4235.387337;1000032
4266.513189;1000015
4275.685145;1000013
4275.92566;1000012
4295.166044;1000011
4310.75251;1000009
4318.457188;1000007
4321.597818;1000002
4322.15487;999999
4326.779726;999993
4327.893948;999987
4328.966901;999986
4329.152701;999979
4334.744493;999978
4339.617344;999977
4492.523209;999974
4549.562696;999967
4555.331652;999963
4562.648948;999958
4566.570081;999956
4574.153174;999954
4574.627693;999953
4588.052803;999950
4625.753107;999945
4628.875115;999941
4688.15042;999939
4689.633324;999920
4691.789549;999918
4712.535398;999917
4722.453933;999916
4743.078827;999909
4746.856592;999907
4757.6222;999905
4757.895283;999903
4781.037446;999897
4791.657233;999894
4823.864488;999892
4864.773991;999889
4918.184159;999884
4918.286243;999877
4926.272648;999871
4927.800151;999854
4936.77666;999852
4979.264425;999847
4982.108712;999844
4983.727889;999843
4988.5589;999834
4988.896549;999833
4988.933953;999831
4995.600951;999830
5028.859529;999829
5131.783849;999828
5376.345015;999827
5507.071298;999824
5551.413642;999817
5627.862862;999811
5629.173257;999807
5631.561807;999805
5638.462359;999804
5690.221469;999803
5696.977532;999802
5742.533686;999800
5762.670952;999797
5788.302708;999795
5792.375489;999793
5836.466884;999781
5837.825899;999770
5839.642714;999768
5925.332792;999766
6541.694874;999765
6556.137924;999762
6577.109049;999760
6592.392884;999759
6720.552923;999758
6918.017791;999757
6920.353649;999752
6955.168051;999748
