4.068;622788.0
4.139;621995.0
4.268;621339.0
4.353;619338.0
4.437;618651.0
4.455;618528.0
4.55;617218.0
4.64;615749.0
4.688;615648.0
5.432;615556.0
5.449;615273.0
5.566;614032.0
5.601;613464.0
5.624;613408.0
6.381;612811.0
6.394;612737.0
6.454;612736.0
6.718;612318.0
6.721;612314.0
6.723;612266.0
6.724;612258.0
6.727;612231.0
6.729;612226.0
6.734;612154.0
6.734;612153.0
6.742;612005.0
6.744;611970.0
6.745;611962.0
6.747;611952.0
6.749;611826.0
6.776;611806.0
6.777;611802.0
6.782;611716.0
6.794;611520.0
6.799;611455.0
6.801;611446.0
6.803;611443.0
6.805;611442.0
6.811;611380.0
6.814;611379.0
6.819;611355.0
6.82;611353.0
6.821;611345.0
6.823;611334.0
6.825;611291.0
6.827;611288.0
6.833;611266.0
6.857;611222.0
6.858;611220.0
6.86;611176.0
6.862;611070.0
6.87;610980.0
6.87;610976.0
6.873;610967.0
6.874;610961.0
6.875;610951.0
6.877;610929.0
6.879;610910.0
6.88;610907.0
6.881;610893.0
6.883;610887.0
6.886;610867.0
6.898;610523.0
6.9;610512.0
6.904;610454.0
6.91;610400.0
6.92;610185.0
6.922;610182.0
6.924;610143.0
6.927;610130.0
6.934;610120.0
6.937;610101.0
6.94;610094.0
6.955;610089.0
6.96;610083.0
6.961;610082.0
6.963;610053.0
6.963;610044.0
6.966;610019.0
6.967;610014.0
6.969;610001.0
6.975;609995.0
6.976;609898.0
6.978;609894.0
6.979;609887.0
6.984;609883.0
6.986;609871.0
7.015;609786.0
7.027;609766.0
7.029;609706.0
7.03;609673.0
7.037;609592.0
7.038;609579.0
7.041;609575.0
7.043;609571.0
7.049;609503.0
7.053;609492.0
7.115;609481.0
7.121;609400.0
7.132;609372.0
7.133;609367.0
7.136;609365.0
7.139;609356.0
7.14;609350.0
7.141;609347.0
7.143;609292.0
7.147;609256.0
7.217;609251.0
7.219;609247.0
7.226;609177.0
7.227;609175.0
7.228;609167.0
7.239;609166.0
7.266;609115.0
7.286;609013.0
7.29;609008.0
7.332;609003.0
7.34;608883.0
7.354;608860.0
7.362;608855.0
7.426;608841.0
7.427;608805.0
7.428;608802.0
7.429;608791.0
7.436;608745.0
7.437;608741.0
7.441;608674.0
7.444;608612.0
7.467;608579.0
7.472;608475.0
7.475;608467.0
7.476;608463.0
7.477;608454.0
7.534;608448.0
7.537;608428.0
7.537;608427.0
7.538;608425.0
7.538;608409.0
7.54;608397.0
7.54;608396.0
7.56;608390.0
7.566;608379.0
7.585;608304.0
7.608;608232.0
7.611;608162.0
7.771;608154.0
7.798;608137.0
7.81;608115.0
7.811;608100.0
7.813;608096.0
7.814;608088.0
7.816;608075.0
7.821;608055.0
7.824;608030.0
7.885;607969.0
7.89;607815.0
7.913;607798.0
7.95;607772.0
7.952;607770.0
7.954;607756.0
7.955;607741.0
7.96;607679.0
7.964;607595.0
8.06;607591.0
8.063;607504.0
8.067;607451.0
8.071;607343.0
8.073;607319.0
8.075;607316.0
8.085;607292.0
8.093;607280.0
8.095;607250.0
8.098;607237.0
8.1;607201.0
8.12;607196.0
8.125;607193.0
8.129;607189.0
8.131;607174.0
8.132;607167.0
8.18;607072.0
8.185;607023.0
8.225;607014.0
8.227;607007.0
8.234;606955.0
8.236;606941.0
8.244;606929.0
8.246;606921.0
8.249;606849.0
8.254;606811.0
8.265;606809.0
8.268;606751.0
8.271;606750.0
8.273;606735.0
8.298;606700.0
8.303;606684.0
8.318;606661.0
8.319;606651.0
8.414;606640.0
8.418;606518.0
8.519;606496.0
8.532;606487.0
8.545;606486.0
8.57;606437.0
8.571;606421.0
8.574;606411.0
8.575;606393.0
8.591;606377.0
8.596;606371.0
8.6;606336.0
8.612;606322.0
8.625;606315.0
8.642;606308.0
8.645;606306.0
8.662;606301.0
8.664;606299.0
8.681;606297.0
8.682;606266.0
8.683;606257.0
8.685;606249.0
8.691;606180.0
8.709;606175.0
8.823;606118.0
8.853;606090.0
8.856;606056.0
8.868;606030.0
8.871;606011.0
8.873;606010.0
8.881;606003.0
8.882;606002.0
8.885;605991.0
8.886;605973.0
8.944;605914.0
8.986;605912.0
8.988;605909.0
9.03;605863.0
9.033;605846.0
9.039;605827.0
9.04;605826.0
9.049;605814.0
9.06;605721.0
9.068;605710.0
9.07;605695.0
9.082;605675.0
9.083;605673.0
9.084;605638.0
9.108;605601.0
9.124;605535.0
9.126;605507.0
9.129;605495.0
9.131;605490.0
9.155;605480.0
9.158;605463.0
9.163;605435.0
9.164;605432.0
9.166;605431.0
9.245;605429.0
9.279;605410.0
9.33;605364.0
9.332;605329.0
9.372;605277.0
9.386;605244.0
9.388;605224.0
9.394;605221.0
9.395;605199.0
9.471;605180.0
9.472;605170.0
9.473;605168.0
9.475;605154.0
9.477;605138.0
9.489;605125.0
9.499;605091.0
9.501;605073.0
9.502;605071.0
9.515;605042.0
9.516;605036.0
9.517;605033.0
9.519;605025.0
9.521;605020.0
9.524;605010.0
9.526;605002.0
9.688;604990.0
9.748;604947.0
9.751;604937.0
9.752;604932.0
9.761;604909.0
9.829;604887.0
9.846;604863.0
9.847;604862.0
9.848;604860.0
9.86;604859.0
9.861;604856.0
9.877;604809.0
9.88;604800.0
10.05;604785.0
10.05;604784.0
10.065;604755.0
10.067;604738.0
10.071;604727.0
10.073;604720.0
10.077;604715.0
10.257;604627.0
10.26;604552.0
10.273;604550.0
10.351;604481.0
10.378;604476.0
10.448;604427.0
10.472;604421.0
10.484;604411.0
10.517;604399.0
10.517;604390.0
10.753;604389.0
10.76;604382.0
10.775;604324.0
10.808;604315.0
10.817;604263.0
10.818;604230.0
10.962;604224.0
10.963;604194.0
11.254;604115.0
11.265;604108.0
11.266;604107.0
11.267;604106.0
11.273;604100.0
11.274;604093.0
11.275;604081.0
11.341;604060.0
11.371;604035.0
11.403;603904.0
11.408;603844.0
11.411;603798.0
11.566;603749.0
11.569;603729.0
11.571;603724.0
11.573;603720.0
11.575;603619.0
11.582;603612.0
11.583;603593.0
11.588;603586.0
11.589;603585.0
11.624;603519.0
11.626;603504.0
11.635;603487.0
11.731;603479.0
11.736;603471.0
11.745;603467.0
11.747;603439.0
11.748;603427.0
11.75;603414.0
11.754;603409.0
11.805;603341.0
11.806;603323.0
11.94;603310.0
11.941;603303.0
11.961;603226.0
11.974;603224.0
12.176;603219.0
12.219;603215.0
12.221;603213.0
12.248;603192.0
12.249;603173.0
12.252;603114.0
12.254;603110.0
12.267;603097.0
12.269;603079.0
12.272;602996.0
12.273;602992.0
12.277;602935.0
12.374;602912.0
12.431;602896.0
12.657;602892.0
12.658;602889.0
12.661;602887.0
12.662;602880.0
12.675;602860.0
12.699;602844.0
12.706;602838.0
12.737;602805.0
12.738;602802.0
12.742;602766.0
12.755;602732.0
12.774;602724.0
12.776;602699.0
12.8;602678.0
12.829;602659.0
12.832;602654.0
12.851;602635.0
12.855;602629.0
12.88;602597.0
12.882;602570.0
12.937;602562.0
12.945;602558.0
13.301;602534.0
13.302;602529.0
13.491;602428.0
13.493;602412.0
13.833;602411.0
13.906;602394.0
13.908;602392.0
15.825;602344.0
15.826;602336.0
15.84;602331.0
16.523;602323.0
16.527;602318.0
16.553;602299.0
16.554;602258.0
16.964;602253.0
17.608;602247.0
17.615;602239.0
17.615;602232.0
17.626;602210.0
17.629;602187.0
17.632;602153.0
17.636;602127.0
17.64;602115.0
17.644;602087.0
17.646;602081.0
17.658;602062.0
17.727;602012.0
17.728;602011.0
17.951;601979.0
17.953;601963.0
17.994;601941.0
17.996;601929.0
17.997;601925.0
18.125;601911.0
18.142;601903.0
18.144;601900.0
18.179;601836.0
18.611;601833.0
18.614;601821.0
18.629;601785.0
18.63;601781.0
19.013;601708.0
19.017;601686.0
19.301;601631.0
19.313;601624.0
19.34;601612.0
19.342;601599.0
22.941;601596.0
22.944;601556.0
22.946;601554.0
22.948;601540.0
22.95;601529.0
22.954;601517.0
22.976;601504.0
23.047;601471.0
23.122;601447.0
23.175;601321.0
23.191;601274.0
23.194;601259.0
23.199;601256.0
24.561;601248.0
24.562;601236.0
24.564;601192.0
24.663;601107.0
24.715;601039.0
24.729;601008.0
24.949;600984.0
24.972;600932.0
24.979;600930.0
25.047;600900.0
25.048;600824.0
25.054;600790.0
25.193;600755.0
25.196;600713.0
25.199;600705.0
25.214;600685.0
25.218;600682.0
25.311;600649.0
25.559;600584.0
27.392;600573.0
27.495;600531.0
36.972;600510.0
37.037;600506.0
37.039;600498.0
37.042;600467.0
37.056;600455.0
37.056;600453.0
37.058;600435.0
37.211;600403.0
37.222;600320.0
37.223;600309.0
37.538;600256.0
37.541;600252.0
37.6;600246.0
37.629;600245.0
37.675;600238.0
37.679;600218.0
44.901;600211.0
44.901;600206.0
45.178;600204.0
52.928;600177.0
52.93;600162.0
56.495;600152.0
56.497;600140.0
56.502;600085.0
56.509;600081.0
56.511;600074.0
56.592;600020.0
56.593;599988.0
56.622;599987.0
56.629;599912.0
56.649;599904.0
56.671;599898.0
56.679;599883.0
56.885;599876.0
56.982;599875.0
56.989;599736.0
74.881;599629.0
133.532;599617.0
133.681;599579.0
134.259;599563.0
134.266;599522.0
134.273;599503.0
134.277;599482.0
134.282;599450.0
134.284;599433.0
134.292;599421.0
134.569;599415.0
134.572;599411.0
134.587;599401.0
134.614;599392.0
134.632;599375.0
134.676;599356.0
210.337;599311.0
210.346;599257.0
473.91;599256.0
473.961;599249.0
473.975;599241.0
474.253;599237.0
489.55;599188.0
489.552;599161.0
489.744;599114.0
489.745;599110.0
489.752;599091.0
489.754;599090.0
489.755;599084.0
489.875;599073.0
489.902;599069.0
489.92;599062.0
490.042;599054.0
490.043;599051.0
490.044;599039.0
490.046;599027.0
490.05;599022.0
490.061;599005.0
490.067;599003.0
490.152;598907.0
686.192;598872.0
686.203;598869.0
738.956;598868.0
794.271;598855.0
794.414;598823.0
794.533;598813.0
794.574;598811.0
794.577;598806.0
794.59;598790.0
794.59;598788.0
945.31;598786.0
946.469;598778.0
946.471;598759.0
948.738;598749.0
948.739;598742.0
948.776;598725.0
948.779;598723.0
949.195;598704.0
949.197;598692.0
950.004;598676.0
950.005;598628.0
950.011;598610.0
950.165;598595.0
950.258;598592.0
950.261;598587.0
950.312;598566.0
1075.943;598565.0
1076.021;598563.0
1076.125;598561.0
1076.155;598556.0
1076.156;598540.0
1076.157;598530.0
1076.16;598505.0
1076.162;598499.0
1076.163;598495.0
1076.32;598476.0
1076.321;598440.0
1197.357;598435.0
1197.361;598419.0
1197.376;598396.0
1197.381;598380.0
1199.261;598358.0
1210.317;598340.0
1210.319;598339.0
1213.859;598318.0
1213.918;598312.0
1213.933;598288.0
1213.936;598286.0
1213.937;598274.0
1213.953;598272.0
1213.961;598268.0
1213.962;598256.0
1213.965;598238.0
1213.966;598190.0
1213.982;598185.0
1213.984;598181.0
1214.564;598168.0
1214.566;598159.0
1214.568;598133.0
1214.627;598114.0
1214.629;598108.0
1215.463;597931.0
1215.673;597904.0
1215.674;597902.0
1215.675;597881.0
1215.69;597851.0
1215.691;597849.0
1215.693;597839.0
1215.704;597835.0
1215.718;597816.0
1215.921;597799.0
1433.455;597793.0
1433.498;597737.0
1433.506;597726.0
1433.586;597724.0
1433.59;597722.0
1433.638;597721.0
1433.646;597700.0
1433.657;597679.0
1433.793;597676.0
1502.665;597657.0
1502.669;597649.0
1503.016;597635.0
1503.042;597634.0
1503.045;597630.0
1503.046;597629.0
1722.058;597594.0
1722.472;597590.0
1722.477;597565.0
1722.672;597536.0
1722.675;597499.0
1896.34;597466.0
1896.342;597441.0
1896.366;597430.0
1896.378;597420.0
1896.382;597414.0
1896.386;597377.0
1896.406;597362.0
1896.58;597344.0
1896.584;597339.0
1896.63;597311.0
1896.632;597309.0
1896.633;597301.0
1896.635;597290.0
1896.676;597288.0
1896.684;597284.0
1896.686;597278.0
1896.69;597273.0
1896.694;597267.0
1896.704;597259.0
1896.716;597256.0
1896.733;597239.0
1896.742;597230.0
1896.804;597210.0
1896.805;597201.0
1896.812;597186.0
1896.829;597185.0
1896.833;597178.0
1898.624;597155.0
1985.468;597125.0
1985.638;597118.0
1985.64;597112.0
1985.647;597094.0
1985.649;597093.0
1985.825;597071.0
1985.857;597021.0
1985.916;597006.0
1985.941;597002.0
1986.079;596998.0
2031.501;596979.0
2031.58;596936.0
2031.734;596929.0
2031.745;596924.0
2031.889;596890.0
2031.894;596881.0
2031.897;596822.0
2031.905;596808.0
2031.913;596807.0
2031.942;596804.0
2032.06;596803.0
2032.09;596800.0
2297.357;596776.0
2346.136;596771.0
2346.138;596767.0
2346.141;596763.0
2346.256;596721.0
2346.352;596715.0
2346.577;596706.0
2346.578;596699.0
2346.971;596669.0
2347.107;596663.0
2347.11;596647.0
2347.239;596638.0
2353.625;596606.0
2353.626;596605.0
2353.675;596599.0
2353.69;596597.0
2353.704;596590.0
2354.234;596546.0
2354.243;596543.0
2354.254;596539.0
2354.474;596536.0
2354.476;596505.0
2354.498;596501.0
2354.538;596454.0
2354.539;596441.0
2354.541;596440.0
2354.56;596410.0
2354.561;596369.0
2354.563;596336.0
2358.433;596280.0
2358.722;596269.0
2764.896;596258.0
2765.621;596251.0
2765.958;596245.0
2765.959;596243.0
2765.96;596241.0
2765.966;596231.0
2765.967;596221.0
2857.586;596220.0
2857.596;596197.0
2857.617;596184.0
2857.621;596174.0
2858.071;596163.0
2858.083;596149.0
2858.086;596143.0
2858.088;596138.0
2858.137;596125.0
2858.145;596120.0
2858.146;596109.0
2858.151;596094.0
2858.167;596087.0
2858.178;596076.0
2858.211;596074.0
2858.213;596050.0
2899.447;596031.0
2899.449;596012.0
2899.451;595977.0
2899.545;595974.0
2899.547;595956.0
2899.549;595953.0
2899.55;595915.0
2899.553;595913.0
2899.555;595887.0
3014.11;595885.0
3014.111;595874.0
3014.114;595867.0
3014.155;595865.0
3014.156;595864.0
3014.157;595858.0
3014.163;595839.0
3014.191;595836.0
3014.193;595831.0
3014.199;595787.0
3014.413;595773.0
3014.415;595739.0
3014.417;595736.0
3014.422;595731.0
3014.434;595724.0
3014.621;595717.0
3014.645;595715.0
3014.651;595698.0
3014.713;595678.0
3014.714;595637.0
3014.956;595627.0
3014.963;595596.0
3014.965;595587.0
3015.925;595585.0
3015.932;595584.0
3037.167;595544.0
3037.496;595543.0
3037.799;595536.0
3526.579;595534.0
3532.914;595518.0
3533.134;595516.0
3533.135;595512.0
3533.164;595508.0
3533.165;595502.0
3533.526;595480.0
3533.536;595475.0
3533.54;595473.0
3533.552;595467.0
3534.272;595458.0
3534.323;595423.0
3534.474;595419.0
3534.821;595410.0
3534.94;595404.0
3534.961;595403.0
3535.357;595381.0
3535.758;595372.0
3535.834;595370.0
3536.298;595369.0
3536.306;595350.0
3536.913;595312.0
3537.029;595299.0
3537.26;595298.0
3537.261;595290.0
3537.295;595285.0
3537.402;595271.0
3548.764;595268.0
3548.768;595217.0
3548.772;595214.0
3548.821;595211.0
3552.408;595209.0
3552.472;595189.0
3552.481;595182.0
3552.574;595166.0
3552.575;595156.0
3552.578;595148.0
3552.588;595102.0
3552.6;595098.0
3553.515;595061.0
3553.516;595060.0
3553.525;595058.0
3553.527;595050.0
3553.559;595038.0
3554.646;595031.0
3554.681;595030.0
3555.228;595026.0
3555.232;595025.0
3555.235;595023.0
3555.273;594993.0
3555.277;594976.0
3555.283;594966.0
3555.286;594936.0
3765.644;594933.0
3765.688;594931.0
3765.697;594927.0
3765.843;594900.0
3974.643;594883.0
3974.645;594878.0
3974.651;594869.0
3974.679;594863.0
3974.811;594860.0
3974.83;594848.0
3974.888;594841.0
3978.433;594825.0
3978.468;594812.0
3978.471;594809.0
3978.474;594805.0
3978.616;594778.0
3980.124;594770.0
4063.786;594763.0
4064.399;594760.0
4065.511;594751.0
4065.514;594725.0
4065.531;594710.0
4065.538;594690.0
4065.545;594687.0
4067.346;594675.0
4067.358;594625.0
4067.365;594602.0
4067.388;594601.0
4067.416;594580.0
4089.471;594571.0
4089.518;594557.0
4175.038;594551.0
4175.11;594547.0
4175.114;594545.0
4175.119;594542.0
4175.348;594536.0
4175.351;594529.0
4175.504;594512.0
4175.586;594495.0
4175.595;594486.0
4175.62;594478.0
4175.647;594471.0
4175.657;594467.0
4215.459;594459.0
4215.482;594454.0
4215.508;594443.0
4215.509;594432.0
4215.511;594427.0
4215.512;594421.0
4215.515;594420.0
4215.623;594399.0
4215.64;594397.0
4216.144;594387.0
4216.148;594382.0
4216.149;594379.0
4221.399;594359.0
4221.507;594330.0
4221.511;594321.0
4221.513;594269.0
4221.528;594263.0
4221.529;594253.0
4296.45;594244.0
4304.772;594201.0
4304.78;594158.0
4305.062;594142.0
4305.064;594134.0
4571.268;594116.0
4571.272;594099.0
4571.277;594096.0
4592.267;594095.0
4597.302;594078.0
4597.312;594069.0
4597.317;594068.0
4597.335;594063.0
4625.927;594043.0
4733.13;594039.0
4733.181;594014.0
4736.339;594012.0
4736.421;594006.0
4736.444;593997.0
4795.677;593993.0
4795.69;593992.0
4795.703;593989.0
4795.708;593952.0
4795.734;593933.0
4796.9;593932.0
4796.909;593918.0
4796.913;593911.0
4796.914;593909.0
4796.983;593907.0
4797.009;593888.0
4797.372;593887.0
4797.395;593883.0
4797.412;593882.0
4918.59;593877.0
4918.598;593867.0
4918.67;593854.0
4920.673;593849.0
4920.674;593848.0
4920.676;593841.0
4920.68;593828.0
4920.682;593823.0
4921.072;593821.0
4921.091;593817.0
4921.127;593802.0
4921.147;593799.0
4921.162;593798.0
4921.207;593771.0
4979.977;593766.0
4979.985;593758.0
4980.068;593749.0
4980.212;593743.0
4980.226;593738.0
4980.267;593723.0
4980.292;593682.0
4980.653;593674.0
4980.774;593657.0
4980.831;593653.0
4980.894;593648.0
4980.898;593647.0
4980.913;593639.0
5092.278;593614.0
5092.286;593585.0
5092.382;593582.0
5136.703;593576.0
5136.711;593571.0
5136.72;593568.0
5136.731;593563.0
5137.635;593552.0
5137.868;593549.0
5138.365;593541.0
5138.365;593538.0
5138.384;593526.0
5138.388;593510.0
5184.785;593483.0
5184.825;593476.0
5184.827;593473.0
5184.905;593458.0
5184.917;593445.0
5184.934;593443.0
5184.944;593440.0
5184.978;593422.0
5222.034;593420.0
5222.037;593417.0
5222.111;593404.0
5222.115;593395.0
5324.046;593389.0
5324.191;593381.0
5326.976;593376.0
5327.074;593373.0
5327.083;593363.0
5327.606;593360.0
5327.618;593352.0
5327.729;593350.0
5327.732;593349.0
5327.735;593334.0
5327.751;593333.0
5327.778;593325.0
5327.78;593317.0
5330.335;593308.0
5330.339;593300.0
5330.354;593293.0
5330.44;593291.0
5330.571;593290.0
5330.622;593271.0
5330.633;593264.0
5330.845;593250.0
5330.916;593249.0
5330.922;593246.0
5330.983;593203.0
5338.58;593196.0
5339.179;593192.0
5341.368;593187.0
5343.13;593179.0
5343.136;593174.0
5343.14;593165.0
5343.152;593164.0
5343.154;593156.0
5343.156;593151.0
5343.161;593132.0
5343.164;593125.0
5343.314;593111.0
5343.321;593108.0
5345.124;593100.0
5348.554;593098.0
5568.169;593093.0
5595.625;593092.0
5595.65;593091.0
5595.655;593082.0
5595.746;593079.0
5595.762;593078.0
5595.768;593075.0
5596.818;593073.0
5596.84;593072.0
5596.845;593066.0
5596.96;593061.0
5601.191;593053.0
5601.244;593051.0
5601.247;593050.0
5601.31;593047.0
5601.338;592996.0
5601.346;592991.0
5601.366;592988.0
5601.419;592977.0
5601.474;592976.0
5601.483;592974.0
5601.523;592969.0
5601.555;592967.0
5601.56;592966.0
5601.581;592965.0
5601.59;592962.0
5761.876;592961.0
5761.888;592960.0
5761.905;592951.0
5761.916;592938.0
5761.918;592927.0
5762.44;592914.0
5762.453;592910.0
5762.472;592905.0
5806.694;592876.0
5806.703;592858.0
5806.704;592852.0
5806.744;592842.0
5806.748;592840.0
5806.753;592823.0
5806.767;592822.0
5806.77;592813.0
5806.775;592811.0
5806.784;592803.0
5807.31;592802.0
5807.312;592796.0
5807.315;592795.0
5807.317;592794.0
5807.48;592793.0
5807.488;592772.0
5831.875;592759.0
5831.894;592748.0
5831.899;592744.0
5831.959;592741.0
5831.966;592740.0
5832.014;592728.0
5832.26;592722.0
5832.682;592716.0
5832.688;592714.0
5833.099;592713.0
5833.196;592703.0
5833.203;592702.0
5833.241;592690.0
5833.537;592686.0
5833.85;592673.0
5833.981;592663.0
5833.982;592660.0
5834.025;592648.0
5834.039;592638.0
5834.202;592633.0
5834.52;592624.0
5834.527;592623.0
5838.574;592622.0
5838.726;592621.0
5838.741;592617.0
5838.766;592613.0
5838.819;592612.0
5840.025;592605.0
5840.159;592604.0
5840.202;592598.0
5840.205;592596.0
5840.247;592565.0
5840.267;592556.0
5840.328;592555.0
5840.332;592543.0
5840.622;592539.0
5840.661;592538.0
5840.741;592536.0
5840.915;592534.0
5841.037;592530.0
5841.071;592519.0
5841.074;592497.0
5841.154;592489.0
5841.319;592484.0
5841.328;592481.0
5912.413;592476.0
5912.45;592469.0
5912.482;592464.0
5912.556;592451.0
5912.605;592441.0
5914.534;592436.0
5914.632;592433.0
5914.658;592431.0
5914.671;592423.0
5914.731;592417.0
5915.128;592412.0
5915.132;592411.0
5915.514;592409.0
5915.611;592399.0
5915.612;592398.0
5915.757;592395.0
5916.867;592393.0
5916.902;592392.0
5916.906;592387.0
5916.936;592363.0
5916.939;592335.0
5916.98;592333.0
5917.243;592319.0
5917.245;592296.0
5918.792;592292.0
6255.747;592287.0
6255.759;592286.0
6255.761;592284.0
6255.804;592268.0
6255.805;592261.0
6266.722;592249.0
6266.733;592246.0
6267.012;592245.0
6267.107;592243.0
6267.198;592239.0
6267.57;592234.0
6267.632;592231.0
6267.679;592226.0
6267.684;592223.0
6267.717;592220.0
6307.902;592214.0
6307.916;592212.0
6308.215;592209.0
6308.523;592205.0
6308.841;592204.0
6308.863;592188.0
6308.893;592179.0
6308.903;592177.0
6308.919;592170.0
6309.045;592162.0
6309.27;592135.0
6309.845;592133.0
6309.847;592126.0
6309.858;592111.0
6310.055;592110.0
6326.051;592109.0
6330.684;592101.0
6330.688;592098.0
6330.733;592096.0
6330.742;592072.0
6331.952;592070.0
6332.028;592063.0
6332.028;592058.0
6332.042;592047.0
6332.513;592022.0
6332.52;592012.0
6332.678;592011.0
6333.011;591993.0
6333.19;591990.0
6333.199;591989.0
6333.266;591987.0
6333.495;591986.0
6393.843;591981.0
6393.852;591979.0
6393.878;591973.0
6579.538;591972.0
6579.769;591962.0
6579.851;591958.0
6579.868;591955.0
6579.883;591952.0
6579.905;591945.0
6579.919;591943.0
6579.954;591942.0
6579.959;591938.0
6580.327;591936.0
6580.342;591934.0
6580.364;591927.0
6580.369;591926.0
6580.384;591921.0
6580.391;591894.0
6580.419;591891.0
6639.812;591882.0
6639.903;591875.0
6639.949;591872.0
6640.023;591870.0
6640.074;591867.0
6640.083;591863.0
6640.086;591862.0
6640.162;591850.0
6640.94;591848.0
6640.981;591847.0
6640.989;591839.0
6640.993;591838.0
6640.994;591822.0
6641.989;591821.0
6642.063;591807.0
6968.218;591806.0
6968.333;591802.0
6968.451;591800.0
6970.024;591793.0
6970.032;591791.0
6970.068;591789.0
6970.108;591788.0
6970.109;591786.0
6970.125;591775.0
6970.128;591774.0
6970.141;591773.0
6970.182;591772.0
6970.208;591766.0
6970.229;591741.0
6970.609;591738.0
7058.01;591731.0
7058.017;591730.0
7058.031;591725.0
7058.042;591723.0
7058.925;591719.0
7059.189;591712.0
7059.427;591700.0
7059.473;591681.0
7059.783;591661.0
7060.177;591658.0
7060.199;591657.0
7060.207;591654.0
7060.248;591647.0
7060.485;591642.0
7060.736;591641.0
7060.745;591639.0
7060.759;591635.0
7060.791;591634.0
7060.848;591631.0
7061.616;591625.0
7061.668;591608.0
7061.67;591603.0
7061.718;591600.0
7277.384;591598.0
7277.409;591595.0
7277.425;591593.0
7277.439;591587.0
7277.492;591583.0
7277.493;591582.0
7277.509;591580.0
7277.562;591576.0
7278.05;591572.0
7278.062;591555.0
7278.076;591545.0
7335.925;591540.0
7336.023;591537.0
7336.125;591535.0
7336.126;591534.0
7336.147;591521.0
7336.185;591514.0
7336.212;591513.0
7336.217;591509.0
7336.24;591500.0
7336.285;591493.0
7336.318;591491.0
7336.323;591482.0
7336.469;591481.0
7367.18;591478.0
7367.336;591475.0
7367.38;591474.0
7367.382;591470.0
7367.385;591462.0
7367.436;591456.0
7367.437;591449.0
7368.003;591443.0
7368.057;591439.0
7368.083;591438.0
7368.173;591435.0
7368.204;591431.0
7368.224;591422.0
7368.226;591421.0
7368.26;591408.0
7368.265;591405.0
7368.728;591398.0
7368.811;591397.0
7369.033;591387.0
7369.035;591382.0
7369.569;591380.0
7369.581;591365.0
7369.584;591362.0
7369.627;591360.0
7371.174;591357.0
7371.227;591345.0
7618.385;591334.0
7618.593;591324.0
7618.684;591320.0
7619.253;591315.0
7619.347;591312.0
7619.349;591309.0
7620.26;591308.0
7620.273;591305.0
7620.392;591302.0
7621.116;591299.0
7621.121;591297.0
7621.336;591290.0
7621.683;591286.0
7642.086;591278.0
7650.273;591264.0
7650.287;591251.0
7650.309;591247.0
7650.324;591244.0
7651.855;591238.0
7654.703;591237.0
7654.715;591236.0
7654.72;591233.0
7654.725;591232.0
7654.738;591231.0
7654.743;591230.0
7659.005;591226.0
7659.129;591224.0
7659.134;591220.0
7659.155;591211.0
7839.442;591208.0
7839.481;591204.0
7844.096;591201.0
7844.143;591196.0
7844.293;591194.0
7844.301;591186.0
7844.326;591185.0
7844.39;591173.0
7844.429;591169.0
7844.442;591161.0
7844.447;591157.0
7845.152;591155.0
7845.838;591149.0
7845.842;591147.0
7896.027;591145.0
7896.081;591137.0
7966.381;591133.0
7966.442;591131.0
7971.599;591130.0
7971.629;591123.0
7985.951;591121.0
7985.958;591118.0
7986.179;591116.0
7986.611;591098.0
7986.619;591097.0
7987.183;591090.0
7991.157;591077.0
7991.249;591076.0
7991.252;591074.0
7991.288;591065.0
7991.401;591063.0
7992.007;591050.0
7992.121;591042.0
8263.183;591041.0
8263.385;591029.0
8263.404;591025.0
8263.559;591018.0
8263.643;591015.0
8263.67;591013.0
8263.691;591006.0
8263.718;591003.0
8263.721;591000.0
8263.724;590995.0
8263.886;590991.0
8264.838;590988.0
8264.899;590987.0
8265.083;590985.0
8265.172;590984.0
8265.626;590971.0
8265.718;590964.0
8271.675;590963.0
8271.86;590960.0
8272.05;590957.0
8272.078;590956.0
8272.444;590941.0
8272.457;590939.0
8307.499;590933.0
8398.222;590932.0
8398.341;590930.0
8398.47;590910.0
8398.734;590906.0
8398.968;590905.0
8398.97;590904.0
8400.826;590898.0
8400.989;590896.0
8401.009;590886.0
8401.036;590877.0
8401.037;590876.0
8404.293;590875.0
8404.301;590874.0
8404.389;590868.0
8404.393;590864.0
8404.399;590862.0
8404.438;590860.0
8427.386;590859.0
8448.866;590858.0
8448.958;590857.0
8455.433;590855.0
8542.146;590845.0
8542.166;590836.0
8542.474;590834.0
8542.477;590833.0
8542.548;590822.0
8615.922;590811.0
8616.542;590798.0
8765.28;590797.0
8765.318;590796.0
8767.167;590793.0
8767.172;590792.0
8767.184;590791.0
8767.766;590790.0
8767.768;590781.0
8767.8;590778.0
8767.844;590777.0
8767.845;590775.0
8767.85;590772.0
8794.274;590767.0
8794.313;590763.0
8794.323;590762.0
8794.339;590761.0
8794.549;590756.0
8795.018;590752.0
8795.022;590749.0
8795.192;590745.0
8795.205;590739.0
8795.207;590737.0
8871.573;590736.0
8907.819;590733.0
8908.646;590728.0
8909.884;590724.0
8909.988;590715.0
8909.995;590711.0
8910.016;590706.0
8910.032;590699.0
8910.128;590698.0
8910.207;590696.0
8912.359;590695.0
8912.361;590694.0
8912.39;590692.0
8914.311;590690.0
8914.385;590689.0
8914.612;590688.0
8914.625;590686.0
8914.686;590680.0
8914.861;590679.0
8917.464;590666.0
8917.728;590661.0
8918.083;590660.0
8918.148;590653.0
9069.161;590651.0
9097.286;590649.0
9097.663;590648.0
9098.257;590640.0
9098.26;590632.0
9098.321;590631.0
9098.33;590621.0
9098.439;590618.0
9098.729;590613.0
9108.126;590609.0
9108.328;590608.0
9108.333;590607.0
9108.898;590606.0
9108.984;590602.0
9108.987;590589.0
9108.992;590588.0
9108.999;590584.0
9109.0;590565.0
9109.136;590563.0
9109.451;590556.0
9109.482;590552.0
9109.97;590551.0
9113.203;590549.0
9119.326;590538.0
9122.181;590528.0
9122.539;590524.0
9138.812;590519.0
9139.147;590514.0
9318.484;590512.0
9318.49;590511.0
9318.535;590509.0
9319.477;590507.0
9319.492;590506.0
9319.565;590504.0
9319.593;590502.0
9319.655;590493.0
9323.871;590489.0
9323.89;590487.0
9388.43;590481.0
9388.478;590480.0
9388.49;590477.0
9389.154;590469.0
9389.28;590468.0
9389.311;590467.0
9389.331;590464.0
9389.434;590462.0
9390.385;590455.0
9391.458;590450.0
9391.607;590448.0
9391.635;590446.0
9391.816;590439.0
9392.696;590437.0
9392.726;590410.0
9394.15;590407.0
9394.261;590405.0
9394.374;590399.0
9553.017;590394.0
9553.484;590392.0
9553.515;590391.0
9553.716;590390.0
9628.302;590386.0
9628.351;590383.0
9628.574;590382.0
9629.269;590381.0
9632.523;590378.0
9632.91;590376.0
9634.394;590373.0
9634.409;590371.0
9634.465;590369.0
9634.843;590366.0
9634.857;590364.0
9634.904;590362.0
9634.916;590361.0
9634.922;590358.0
9634.945;590346.0
9635.102;590345.0
9635.152;590329.0
9636.102;590328.0
9636.39;590327.0
9792.016;590324.0
9792.881;590319.0
9793.816;590315.0
9795.454;590313.0
9978.487;590312.0
9978.514;590309.0
9978.593;590303.0
10053.658;590299.0
10053.659;590298.0
10053.725;590297.0
10053.733;590295.0
10053.753;590294.0
10053.787;590291.0
10053.834;590286.0
10064.183;590284.0
10178.085;590283.0
10179.035;590277.0
10179.135;590276.0
10179.188;590275.0
10179.769;590272.0
10190.587;590271.0
10190.59;590270.0
10191.279;590269.0
10191.48;590265.0
10209.432;590263.0
10209.485;590262.0
10209.526;590261.0
10220.211;590259.0
10220.6;590257.0
10223.041;590255.0
10223.044;590251.0
10223.046;590247.0
10223.096;590245.0
10223.524;590241.0
10247.28;590240.0
10247.312;590239.0
10247.516;590238.0
10247.617;590233.0
10247.912;590231.0
10348.349;590229.0
10348.409;590223.0
10348.772;590222.0
10349.465;590221.0
10349.502;590220.0
10351.837;590217.0
10351.839;590216.0
10351.99;590210.0
10352.168;590207.0
10352.191;590205.0
10352.261;590204.0
10499.459;590202.0
10500.172;590201.0
10500.406;590197.0
10500.508;590193.0
10500.603;590191.0
10500.629;590186.0
10677.812;590183.0
10678.146;590181.0
10678.163;590175.0
10678.326;590173.0
10680.288;590172.0
10680.483;590168.0
10681.121;590167.0
10681.127;590166.0
10681.402;590162.0
10681.466;590154.0
10681.734;590153.0
10681.782;590150.0
10681.838;590148.0
10681.895;590147.0
10693.716;590142.0
10693.718;590141.0
10693.734;590139.0
10693.961;590136.0
10696.505;590135.0
10696.514;590134.0
10696.601;590133.0
10696.636;590131.0
10795.848;590130.0
10804.33;590129.0
10804.37;590128.0
10809.196;590126.0
10810.589;590123.0
10811.066;590122.0
10867.634;590120.0
10868.074;590118.0
10868.106;590116.0
10868.122;590113.0
10906.292;590107.0
10906.298;590104.0
10906.37;590098.0
10906.738;590097.0
10906.815;590096.0
10906.818;590095.0
10908.885;590093.0
10908.955;590092.0
10908.979;590087.0
10909.051;590086.0
10909.185;590079.0
10909.28;590077.0
10909.592;590075.0
10909.672;590074.0
10909.732;590072.0
10914.729;590071.0
10914.743;590069.0
10914.787;590068.0
10914.813;590067.0
10914.851;590066.0
10914.891;590062.0
10914.905;590059.0
11016.217;590055.0
11038.354;590051.0
11039.249;590050.0
11039.439;590049.0
11039.445;590045.0
11165.47;590044.0
11377.829;590040.0
11392.009;590039.0
11396.455;590038.0
11396.51;590037.0
11396.604;590033.0
11396.941;590031.0
11397.683;590030.0
11397.724;590029.0
11397.848;590025.0
11553.409;590022.0
11560.68;590021.0
11561.056;590019.0
11561.176;590018.0
11610.166;590015.0
11616.473;590014.0
11647.305;590012.0
11647.33;590011.0
11647.348;590010.0
11649.512;590009.0
11649.564;590008.0
11649.699;590005.0
11650.515;590004.0
11652.224;590002.0
11652.289;590001.0
11652.336;589999.0
11652.349;589998.0
11652.391;589996.0
11652.4;589994.0
11652.462;589991.0
11652.492;589988.0
11947.989;589987.0
11948.078;589986.0
11948.143;589985.0
11948.276;589982.0
11948.293;589979.0
11948.293;589977.0
11948.401;589975.0
11948.458;589974.0
11948.65;589972.0
11948.691;589971.0
12010.27;589969.0
12010.867;589958.0
12081.942;589957.0
12081.995;589956.0
12089.466;589955.0
12095.281;589954.0
12154.831;589952.0
12154.857;589951.0
12230.345;589949.0
12230.37;589948.0
12230.415;589947.0
12230.452;589946.0
12230.723;589944.0
12230.87;589941.0
12266.093;589938.0
12266.882;589937.0
12267.228;589936.0
12274.13;589927.0
12405.358;589926.0
12405.488;589925.0
12413.364;589923.0
12413.376;589922.0
12413.398;589921.0
12423.469;589919.0
12425.108;589917.0
12425.183;589915.0
12425.194;589913.0
12425.374;589911.0
12429.322;589910.0
12429.36;589908.0
12461.53;589907.0
12466.62;589906.0
12472.471;589905.0
12472.48;589903.0
12472.529;589902.0
12472.691;589899.0
12472.699;589898.0
12599.825;589897.0
12605.27;589895.0
12605.358;589894.0
12716.123;589893.0
12716.508;589892.0
12716.681;589891.0
12717.435;589888.0
12718.041;589885.0
12720.665;589883.0
12720.861;589881.0
12720.975;589880.0
12721.044;589879.0
12728.104;589877.0
12760.01;589876.0
12760.115;589874.0
12760.426;589873.0
12772.087;589872.0
12772.135;589870.0
12772.173;589869.0
12772.176;589868.0
12777.851;589867.0
12778.201;589866.0
12944.481;589865.0
12944.614;589864.0
12946.335;589863.0
12946.454;589861.0
12946.473;589860.0
13264.509;589859.0
13271.132;589858.0
13276.284;589857.0
13276.43;589855.0
13276.541;589854.0
13351.619;589852.0
13351.621;589850.0
13378.719;589848.0
13391.778;589846.0
13391.789;589845.0
13392.975;589843.0
13393.035;589842.0
13393.094;589840.0
13393.181;589839.0
13393.275;589837.0
