8.92012,174812
13.1143,174781
25.6598,174510
48.1142,174243
97.6022,174187
106.293,174001
115.516,173841
136.116,173719
151.768,173563
306.437,173512
353.442,173254
482.56,173197
487.1,173065
543.44,173039
586.433,173003
603.535,172975
626.841,172950
646.639,172931
827.765,172711
1297.81,171575
1404.21,171560
1410.24,171544
1754.55,171537
1875.58,171531
2312.94,171519
3127.01,171200
3148.09,171174
3278.75,171165
3352.38,171143
3363.72,171137
3393.99,171127
3479.36,171124
3484.2,171120
3558.22,171085
3668.24,171084
3702.74,171080
3718.5,171079
3767.26,171076
3817.95,171037
3819.31,171024
3935.24,171022
3941.16,171019
3961.13,171010
3965.44,170993
3988.66,170991
3998.97,170985
4035.74,170984
4039.33,170981
4045.07,170979
4046.29,170977
4063.49,170970
4122.66,170956
4144.29,170943
4166.07,170937
4202.43,170933
4225.79,170932
4228.32,170930
4260.65,170915
4360.69,170909
4366.28,170908
4381.61,170907
4586.04,170873
4652.25,170872
4914.1,170871
5260.91,170800
5279.54,170798
5325,170796
5403.46,170791
5414.4,170789
5418.3,170788
5435.17,170786
5451.76,170781
5494.46,170780
5520.63,170779
5636.98,170772
5717.42,170770
5721.37,170769
5735.04,170768
5737.25,170767
5743.59,170766
5750.07,170765
5826.37,170763
5929.99,170751
6003.87,170742
6009.01,170741
6091.14,170740
6107.62,170739
6231.9,170738
6305.01,170727
6334.08,170722
6371.18,170720
6479.34,170677
6490.62,170675
6576.97,170670
6610.39,170668
6640.38,170659
6669.8,170652
6697.88,170647
6699.55,170635
6773.22,170629
6779.15,170620
6790.57,170619
6923.34,170618
6953.15,170617
6987.04,170616
7020.76,170615
7028.11,170612
7031.08,170611
7044.6,170610
7099.69,170609
7281.49,170607
7305.69,170606
7323.9,170605
7330.6,170604
7338.11,170603
7351.04,170602
7553.33,170601
7557.64,170600
7721.17,170599
7806.58,170598
7826.83,170593
7855.03,170592
7886.81,170584
7952.52,170581
7997.45,170580
8448.27,170571
8516.28,170569
8634.15,170568
8700.45,170554
8954.65,170553
9037.56,170552
9077.62,170550
9138.64,170549
9189.72,170547
9298.9,170546
9461.98,170533
9464.5,170526
10414,175821
10414.4,175784
10415.7,175688
10416.1,175283
10419.8,175108
10420.5,175087
10422.6,174781
10423.1,174246
10434.3,174125
10438,174064
10445.4,174054
10445.6,173803
10515.3,173733
10529.4,173658
10626.6,173577
10657.8,173365
10715.9,173329
10729.1,173282
10814.2,173243
10837,173177
10899.5,173099
11059.4,172338
11169.6,172316
11179.2,172311
11210.3,172292
11325.9,172273
11399,172240
11450.1,172210
12022.3,171849
12028.1,171829
12079.5,171795
12167.6,171794
12203.9,171747
12519.7,171391
12546.9,171384
12565.6,171351
12729.4,171348
12747.4,171337
12807.9,171326
13370.4,171165
13411.1,171141
13483.7,171102
13887.5,170784
13893.1,170767
13910,170747
13937.7,170742
13939.2,170738
13946.1,170727
13969.6,170721
14022.8,170720
14065.8,170719
14066.9,170710
14260.5,170708
14311.1,170706
14398,170705
14417.6,170702
14430.9,170701
14466.1,170700
14472,170697
14581.7,170690
14657.8,170687
14716.3,170686
14761.8,170683
14804,170681
14946.8,170677
14996.6,170675
15078.4,170674
15095.3,170668
15562.7,170568
15578.4,170565
15596.6,170548
15598.9,170544
16024.9,170467
16045,170464
16159.7,170445
16420.9,170417
16517,170415
16603.1,170412
16653,170408
16764.2,170405
16816.2,170400
16880.1,170399
17047.7,170398
17052.6,170397
17054.5,170396
17162.6,170395
17235.8,170394
17290.3,170393
17315.2,170392
17722.8,170391
18132.4,170387
18133.4,170381
18261.8,170380
18285.3,170373
18326.2,170369
18415,170363
18640.3,170360
18840.1,170350
18883.5,170348
18933.7,170347
19145.7,170346
19258.3,170345
19435.7,170344
19784.5,170343
20498.8,170340
20696.2,170339
21137.8,170336
21912,170335
21956.7,170333
21963.4,170332
22121.2,170311
22251.3,170310
22282.4,170307
22312.2,170304
22414.9,170303
22419.6,170302
22474.4,170286
23329.5,175556
23331.5,174836
23340.6,174589
23346.2,174585
23353.7,174389
23354.3,173912
23372,173743
23420.3,173736
23437.4,173361
23587.4,173264
23667.7,173253
23687.7,173239
23719.4,173237
23724.4,173146
23792.4,173112
23817.3,173109
23906.9,173100
23954.5,173088
23975.8,172959
23985.2,172954
24000.4,172916
24039.3,172870
24236.7,172667
24255.6,172613
24272.3,172569
24280.2,172407
24281.9,171867
24369.3,171860
24375.6,171828
24394.1,171824
24477.9,171793
24555.2,171786
24559.5,171740
24563.8,171699
24574.4,171667
24594.7,171658
24600,171652
24820.5,171649
24835.2,171647
24835.2,171635
24985.9,171610
25042.6,171579
25140.5,171565
25240,171558
25383.1,171533
25399.6,171524
25442.3,171488
25529,171486
25547.2,171483
25548.3,171481
25661.2,171468
25689.1,171465
25718.2,171391
25802.1,171383
25867.4,171334
26029.3,171333
26157.5,171324
26410.9,171269
26447.1,171238
26547.6,171231
26780.9,171218
27081.6,171076
27096.3,171074
27126.9,171068
27146.3,171064
27260.6,171059
27272.1,171054
27274.9,171050
27324,171045
27391.4,170996
27391.8,170987
27520.1,170946
27543.2,170942
27578.1,170941
27578.1,170938
27590.4,170937
27605.3,170929
27632.4,170911
27707.1,170908
27757.6,170900
27798.2,170898
27799.3,170894
27806.6,170863
27851.2,170861
27857.7,170859
27864.5,170839
27908.3,170833
28011.7,170831
28021,170826
28036.2,170823
28037.9,170822
28056.7,170819
28095.1,170809
28145.4,170808
28178.2,170782
28233.1,170779
28286.4,170777
28301.3,170769
28333.6,170768
28402.7,170755
28821.5,170706
29108.6,170705
29250.7,170700
29298.6,170696
29313.3,170690
29378.8,170689
29406.4,170686
29424.9,170685
29553.1,170682
29647,170675
29720.7,170671
29722.8,170670
29770.4,170666
29796.8,170660
29875,170657
29994.8,170655
30066.7,170654
30071.7,170652
30091.4,170650
30198.5,170646
30241.9,170645
30242.3,170643
30268.6,170638
30509.6,170626
30902.9,170618
31048.7,170615
31069.1,170614
31592.8,170600
31815.3,170596
31836.9,170594
31899.5,170575
31958.8,170574
31985.5,170565
32008.3,170564
32220.2,170561
32272.4,170559
32346.3,170550
32363.7,170548
32416.8,170532
32598.7,170530
32709.2,170518
32867.7,170516
32947.4,170514
32985,170510
33050.7,170509
33106.7,170504
33166.3,170502
33190.3,170500
33215.3,170499
33221.5,170495
33226,170491
33236.7,170483
33242.6,170473
33333.5,170468
33394.9,170467
33418.4,170464
33429.2,170463
33528.2,170462
33648.2,170461
33705.9,170458
33759.2,170457
33804.8,170446
33865.1,170441
33921.7,170431
34015,170430
34064.5,170429
34171.1,170427
34273.5,170425
34478.2,170424
34538.7,170422
34599.8,170417
34613.9,170415
34705.3,170413
34733.9,170406
34760.2,170404
35019.2,170400
35101.4,170398
35218.4,170395
35354.4,170386
35428.9,170384
35505,170377
35519.3,170374
35539.3,170373
35627.1,170367
35628.7,170366
35672.9,170363
35973.1,170356
35986.2,170355
36126.6,170354
36202.8,170347
36257.5,170346
36272.7,170344
36295.5,170343
36354.8,170342
36460.3,170341
36473.4,170337
36541.5,170336
36755.9,170334
36758.5,170333
36822.9,170331
36844.2,170329
36896.9,170326
36912.1,170325
37093.1,170323
37333,170321
37539.3,170320
37590.2,170319
37617.2,170314
37665.3,170310
37703.4,170304
37728.8,170303
37741.7,170302
37875.5,170301
37895.2,170294
37982.1,170288
38013.2,170284
38024.8,170283
38035.5,170279
38187.3,170278
38286.7,170277
38511.6,170276
38816.6,170274
38850.2,170270
38931,170268
39774,175525
39779.4,175508
39780.1,175457
39780.3,175065
39788.5,174437
39817.1,174312
39817.7,174196
39832.9,174035
39847.8,173944
39853.2,173932
39853.5,173722
40197.5,172167
40237.2,172151
40652.3,172091
40767.7,172011
41257,171466
41275.9,171442
41276.9,171441
41296.2,171388
41362,171384
41371.8,171359
41445.7,171333
41470.2,171312
41569.6,171037
41695.9,171021
41731,171020
41792.1,171006
41813.6,170970
41902.4,170957
41908.7,170915
41952.9,170910
42004.7,170885
42279.5,170759
42454.5,170751
42509.6,170745
42609.8,170741
42848,170658
42985.1,170652
43086,170651
43112.5,170620
43125.3,170602
43162.1,170599
43184.6,170592
43197.9,170586
43249.4,170555
43295.6,170547
43463.3,170519
43518.6,170514
43555.8,170510
43555.9,170506
43558.6,170488
43694.2,170486
43755.4,170481
43765.7,170478
43780.7,170472
43783.7,170469
43835.9,170466
44173.8,170411
44185.5,170402
44259,170400
44280.7,170399
44289,170398
44312.7,170385
44323.6,170384
44339.5,170382
44344.6,170381
44367.6,170380
44371.5,170373
44409.8,170365
44447.1,170364
44454.3,170361
44459.6,170358
44463.1,170356
44466.2,170353
44511.8,170328
44554.7,170326
44577.9,170321
44598.6,170306
44632.8,170305
44640.6,170304
44643.9,170302
44823.7,170297
45042.3,170288
45096.5,170286
45218.3,170272
45321.5,170268
45337.5,170260
45439.5,170259
45442.2,170257
45473.4,170249
45523.1,170247
45635.4,170233
45691.6,170224
45884.2,170215
46089.2,170212
46092.5,170210
46244.9,170203
46246.5,170201
46306.3,170200
46446.3,170194
46816.7,170187
46833.4,170185
47751.2,175615
47753,175607
47753.5,175413
47754.7,175153
47757.8,175003
47758.2,174850
47761.1,174721
47773.6,174640
47778.7,174635
47782.6,174264
47795.3,174027
47859,173947
47871,173942
47898.5,173810
47948.1,173805
47955.7,173708
47970.9,173626
48034.3,173413
48327.3,172545
48568.2,172506
48715.3,172452
48835.9,172448
48961.9,172428
48994.1,172420
49351.9,171669
49489.7,171662
49560.8,171650
49633.6,171643
49674.2,171624
49686.1,171614
49720.8,171599
49747,171575
49844.8,171163
49995.7,171141
50031.8,171128
50041.8,171116
50046.4,171115
50091.5,171114
50114.3,171102
50140.6,171100
50210.5,171098
50221.6,171091
50226.3,171084
50300.4,171082
50376.6,171077
50629.7,170959
50696.5,170953
50731.4,170947
50742.8,170945
50745.5,170931
50825.3,170928
50886.6,170926
50903.8,170917
50927,170916
50999.9,170912
51053.5,170898
51092.8,170897
51117,170879
51164.7,170877
51185,170872
51193.9,170869
51205.9,170867
51216.5,170858
51245.6,170856
51263.7,170854
51276.1,170853
51285.9,170851
51324.8,170848
51355.2,170847
51384.1,170846
51390.4,170843
51391.6,170839
51395,170837
51397.2,170834
51483.4,170832
51508.8,170830
51564.2,170829
51661.7,170806
51744,170805
51790.2,170802
51798.3,170800
51823.6,170799
51824.3,170798
51828.5,170797
51910.3,170791
51915,170788
52059.7,170771
52140.3,170767
52158,170757
52161.1,170748
52285.6,170736
52326.6,170731
52344,170730
52431.4,170715
52456.5,170714
52464.9,170713
52467.6,170703
52472.1,170702
52473.2,170686
52476.1,170680
52524.5,170678
52538,170670
52551.3,170661
52561.7,170653
52569.5,170651
52859.7,170550
52930.6,170548
52933.6,170533
52974.8,170532
53004.1,170526
53027.8,170525
53043.5,170523
53064.3,170500
53095.7,170496
53124.1,170494
53161.1,170493
53162.4,170490
53190.2,170485
53236.4,170483
53258.1,170478
53272.1,170475
53277.6,170474
53326.4,170473
53349.8,170469
53353.4,170466
53363.7,170463
53371.3,170460
53382.6,170456
53391.4,170450
53433.6,170448
53447.6,170436
53493.5,170435
53525.6,170433
53535,170430
53558.9,170424
53619.3,170420
53625.8,170419
53636.8,170416
53653.3,170415
53744.3,170414
53813.1,170412
53837.5,170404
53964.5,170398
54007.9,170397
54094.3,170395
54103.9,170394
54156.5,170392
54175.5,170390
54179.6,170389
54189.4,170388
54219.4,170381
54323.1,170372
54430.1,170364
54539.9,170353
54547.5,170351
54556.8,170350
54594.9,170343
54643.2,170342
54697.4,170341
54701.4,170340
54733.6,170337
54749.9,170331
55192.4,170324
55538.1,170292
55549,170291
55686.5,170288
55951.8,170283
56120.3,170281
56370,170279
56393.8,170278
56542.4,170274
56777.1,170272
56967,170271
56975.7,170270
57557.2,170255
58473.9,175743
58474.6,175418
58475.3,175244
58476.5,175018
58486.1,174852
58488.1,174755
58489.7,174572
58503.6,174550
58507.8,174526
58518.6,174453
58522,174414
58526.1,174239
58538,174022
58543.3,173972
58547.6,173956
58564.2,173938
58573.2,173916
58586.3,173869
58588.8,173740
58604.8,173527
58636.9,173205
58711.8,173133
58713.1,172909
58769.6,172878
58825.8,172748
58828.5,172744
58835.9,172713
58904.2,172704
58909.2,172648
58937.7,172635
58941.7,172617
58956.8,172611
58979.7,172593
59019.2,172553
59027.8,172447
59033.6,172419
59094.2,172390
59281.1,171689
59347.4,171685
59372.7,171668
59393.6,171664
59431,171649
59485.8,171645
59525.2,171640
59527,171619
59529.7,171606
59616.5,171556
59706.7,171550
59943.3,171227
60080.5,171208
60230,171129
60639.1,171068
60682.9,171061
60722.7,171060
60780.5,171051
60805.9,171041
60830.5,171012
60834.2,170981
61191.4,170928
61191.6,170919
61340.8,170897
61523.4,170888
61578.6,170883
61583.9,170877
61648.3,170870
61716.2,170867
61726.3,170857
61745.4,170853
61797,170844
61954.7,170829
62256.5,170682
62286.5,170679
62348.3,170673
62377.7,170662
62475.8,170661
62509.9,170660
62526.3,170659
62535,170652
62751.3,170650
62751.5,170648
62759.4,170647
62815.2,170645
63067.5,170595
63114.8,170590
63273.8,170589
63298.2,170587
63665.1,170554
63717.8,170548
63718.9,170547
63757.5,170546
63810.7,170545
63929.8,170544
63940.5,170536
63987.2,170535
63999,170530
64047.6,170529
64165.3,170525
64234.9,170524
64294.5,170523
64305.1,170521
64321.9,170520
64343.5,170518
64360.5,170515
64361.2,170512
64376.8,170510
64430.4,170505
64709.2,170417
64776.9,170416
64792.5,170414
64808,170413
64833.1,170412
64833.5,170411
64850.7,170408
64869,170407
64873.6,170403
64878.7,170399
64881.8,170396
64899.9,170393
64901.4,170389
64902.9,170388
64904.6,170386
64910.4,170385
64928.5,170378
64934.2,170368
64943.9,170367
64966.5,170366
65008.8,170361
65017.6,170359
65092.8,170358
65140.2,170353
65177.5,170352
65398.1,170349
65551.7,170346
65556.7,170345
65578.8,170343
65599.7,170342
65615.2,170341
65965.6,170305
66026.2,170303
66129.1,170302
66134.1,170296
66158.1,170293
66194.5,170291
66210.5,170290
66230.4,170289
66234,170288
66418.9,170286
66912.6,170283
67259,170277
67290.6,170272
67675.3,170268
67727,170265
67890.9,170264
67892.8,170263
67982.1,170261
68043.4,170260
68238.2,170258
68321.5,170252
68381.3,170249
68387.5,170246
68388,170244
68687.9,170242
69367.5,175370
69368.5,175356
69372,175058
69372.2,174996
69373.6,174789
69377.8,174299
69393.7,174232
69398.3,174094
69403.4,173982
69416.3,173812
69454.6,173615
69519.3,173538
69620.6,172659
69830.9,172637
69884.4,172612
69956.3,172611
70079.4,172578
70096.2,172502
70157.1,172496
70262.9,172465
70468.7,171589
70552.9,171575
70595.3,171574
70669.6,171553
70761.7,171546
70853.5,171515
71079.9,171497
71178.7,171460
71264.7,171451
71321,171424
71767.7,170966
71771.4,170964
71780.8,170955
71786.1,170949
71803.5,170945
71812.3,170939
71863.6,170930
71891.7,170922
71950.7,170913
72136.2,170859
72196.1,170853
72281,170845
72309.3,170828
72397.3,170824
72607.2,170780
72642.1,170778
72693.3,170777
72702,170772
72705.6,170771
72725.2,170770
72765.7,170766
72775.6,170762
72806.3,170756
72828.5,170752
72835.4,170751
72860.4,170740
72901.6,170739
73204.6,170635
73207.2,170611
73219.6,170581
73267.7,170579
73275.3,170571
73316,170570
73329.6,170568
73334.5,170566
73409.6,170558
73423,170541
73459,170536
73483.5,170533
73501.2,170526
73517.7,170515
73531,170514
73562.8,170512
73565.6,170511
73567.8,170507
73586.4,170506
73615.6,170502
73637.6,170501
73642.3,170493
73647.3,170492
73691,170485
73717.2,170482
73735.1,170477
73745.5,170476
73750.1,170474
73812.5,170468
73826.7,170467
73856.9,170464
73899.8,170462
74049.2,170461
74065.2,170458
74081.6,170454
74139.1,170452
74221.1,170446
74334.8,170443
74456.7,170440
74509.9,170435
74686.4,170421
74793.1,170417
74796.1,170415
74843,170412
74871.9,170406
75110.9,170405
75157.1,170404
75485.4,170399
75612,170396
75642.4,170395
75693.2,170393
75884.5,170379
75911.4,170378
75915.5,170375
75954.8,170374
76015.6,170372
76069.4,170370
76089.2,170369
76325,170354
76460.6,170347
76484.8,170346
76502,170342
76596.1,170341
76597.4,170340
76655.7,170338
76665.3,170337
76690.4,170334
76841.1,170333
76857.6,170332
76869.7,170328
76880.8,170327
76941.9,170326
76970.4,170324
77064.5,170322
77144.2,170316
77309.9,170314
77400.2,170289
77537.2,170282
77663.9,170277
77671,170271
77807.1,170268
77807.3,170263
77837.5,170258
77879.1,170254
77889.9,170248
77916.6,170239
77923.1,170238
78009.9,170233
78041.7,170232
78055.6,170230
78114.7,170229
78156.3,170228
78165.1,170227
78281.4,170226
78354,170225
78425.6,170223
78550.6,170222
78553.8,170221
78702.6,170190
78712.3,170187
78722.5,170185
78930.7,170184
79016.4,170183
79122.8,170182
79127.3,170181
79228.1,170180
79272.1,170177
79355.4,170173
79520,170169
80320.1,175660
80320.4,175230
80326.9,175115
80327.1,174158
80360.6,174080
80371.7,173889
80414.3,173853
80429.6,173819
80472.9,173636
80522.6,173453
80612.8,173341
80738,173259
80760,173214
80866.5,173106
80893.3,173086
80899.7,173081
80913.7,173034
80971,173020
80995.5,172993
81408.1,172390
81723.3,172360
81762.4,172308
82545.6,171853
82787.6,171778
83122.1,171742
83147.9,171739
83413.3,171674
83456.8,171657
83514.5,171644
83566.9,171641
83573.2,171612
84246,171263
84300.8,171261
84304.1,171238
84325.8,171236
84328,171175
84384.7,171173
84389.3,171155
84404.5,171154
84410,171148
84410.6,171141
84423.2,171140
84426.4,171138
84447,171124
84464.8,171119
84736.4,171054
84738,171016
84762.6,171007
84785.8,171004
84792.7,170995
84830.1,170994
84842.9,170993
84852.6,170987
84863.8,170986
84871.2,170983
84910.2,170977
84915.5,170973
84942.5,170971
84987.2,170961
84995.9,170958
85182.7,170951
85232.3,170949
85248.1,170947
85279.9,170944
85315.9,170936
85330.4,170934
85346.7,170926
85355.5,170917
85620.3,170889
85757,170888
85805.6,170884
85807.4,170883
85826.5,170881
85861,170877
85912.4,170876
85913.7,170874
86068.9,170873
86096.6,170872
86100.1,170864
86149.2,170863
86177.4,170859
86181.1,170853
86337.3,170836
86410.7,170833
86517.9,170829
86520.6,170828
86554.7,170822
86595.5,170821
86618.6,170817
86648.1,170812
86676.3,170811
86783.4,170804
86798.3,170803
86868.5,170802
86910.2,170788
86910.5,170787
86974.3,170773
87012,170771
87024,170768
87129,170766
87178.4,170764
87215.1,170763
87271,170762
87280.2,170761
87312.1,170756
87359,170754
87377.6,170753
87381,170751
87488.3,170750
87506,170749
87532.6,170748
87533.6,170744
87581.7,170742
87691.6,170740
87770.3,170739
87797.7,170738
87853.3,170735
87872.8,170728
87934.9,170727
87958.5,170725
87960.9,170719
88017.8,170709
88138.1,170708
88149.7,170706
88174.9,170701
88238.7,170699
88268.5,170697
88300.7,170696
88312.7,170689
88315.1,170681
88335.7,170680
88364.7,170678
88378.5,170671
88392.1,170669
88394.3,170665
88395.7,170654
88409.8,170653
88414.1,170652
88430.1,170649
88471.3,170648
88518.5,170646
88530.8,170644
88540.6,170639
88589.4,170638
88591.2,170637
88618.3,170633
88648.9,170624
88655.8,170623
88750.8,170602
88916.3,170589
88921.8,170588
88939.3,170587
88941.9,170585
88944.8,170584
88971.9,170582
88977.1,170576
89002,170564
89017.3,170563
89091.7,170554
89140,170550
89159.8,170541
89164.9,170535
89204.5,170533
89221.1,170526
89301.7,170524
89306.5,170522
89345.5,170521
89351.2,170520
89362,170519
89394,170518
89411.1,170517
89448.5,170516
89472.2,170515
89606.1,170514
89741.3,170513
89762,170512
89823,170510
90025.8,170509
90054.6,170504
90133.6,170500
90174.7,170498
90198.8,170497
90218.7,170496
90378.4,170484
90526.3,170483
90578.6,170478
90768.3,170477
90820,170476
90870.6,170471
90883.2,170470
90934,170466
91197.5,170465
91592.6,170463
92063.1,170462
92120.4,170460
92303.9,170458
92308.9,170456
92341.4,170454
92468.2,170453
92522.2,170452
92577.4,170451
92809.2,170409
93077.1,170400
93799.8,175244
93804.2,175023
93806.3,174799
93812.2,174720
93813.4,174711
93817.3,174656
93826.5,174596
93829.5,174449
93845.2,174431
93852.5,174399
93857.5,174374
93858.7,174332
93871.7,174322
93875.9,174240
93886.3,174220
93892.8,174098
93907.7,173906
93935,173787
93995.9,173439
94028.9,173308
94082,173297
94101.8,172991
94118.7,172953
94185.4,172949
94192.7,172865
94194.2,172846
94198.6,172774
94396.4,172491
94420.2,172338
94429.8,172328
94501.2,172310
94510.6,172209
94527.6,172143
94538.1,172035
94559.1,172014
94583.2,171888
94583.9,171887
94630.3,171885
94682.2,171883
94783.4,171840
94804.7,171839
94913,171837
94914.1,171836
94968.3,171816
94969.4,171770
95132.6,171763
95186.3,171758
95278.2,171723
95303.5,171693
95361.4,171692
95374.2,171667
95412.6,171661
95571.8,171529
95824.7,171492
95845.7,171478
95950.3,171467
95981,171454
96027.3,171427
96158,171346
96316.7,171339
96463.1,171310
96505,171308
96562.7,171297
96619.4,171286
96626.3,171278
96726.6,171274
96733.3,171270
96760.5,171170
96980,171156
97058.4,171100
97097.4,171071
97183.7,171068
97189.6,171064
97191.3,171061
97390.6,171005
97392.6,170994
97416,170978
97420.3,170977
97427,170930
97487,170921
97518.3,170912
97528.2,170906
97659,170905
97660,170904
97683.1,170900
97691.1,170897
97732.1,170795
97794.6,170792
97855.3,170788
97888.5,170787
97889.3,170785
97988.3,170784
98013.9,170783
98084.3,170782
98098.1,170781
98126.3,170780
98219.6,170766
98339.7,170758
98484.8,170756
98577.7,170753
98827.8,170724
98926,170722
98964.1,170717
99044.6,170716
99221.9,170695
99263.9,170693
99276.8,170678
99376.5,170677
99396.9,170665
99401.4,170663
99428.7,170661
99633,170653
99653.5,170646
99661.4,170645
99678,170638
99686.3,170637
99727.8,170636
99739.6,170635
99820.3,170616
99826.7,170608
99855.8,170600
99862.8,170599
99875.4,170579
99946.3,170578
99961,170569
99966.5,170568
99995,170567
100074,170566
100127,170562
100306,170559
100352,170558
100373,170551
100457,170549
100472,170548
100504,170541
100547,170540
100558,170539
100571,170537
100573,170536
100580,170534
100622,170533
100650,170531
100734,170530
100737,170527
100769,170524
100816,170521
100840,170519
100939,170516
100990,170514
101008,170513
101044,170512
101098,170511
101120,170510
101950,175228
101951,174776
101962,174435
101978,174390
101978,174162
101986,173805
102008,173741
102015,173657
102036,173584
102052,173459
102089,173452
102090,173431
102099,173416
102143,173409
102161,173391
102178,173260
102180,173191
102203,173098
102216,173097
102233,172984
102248,172880
102274,172857
102289,172827
102325,172817
102450,172814
102475,172787
102538,172405
102700,172398
102706,172382
102773,172358
102996,172294
103052,172268
103206,171800
103359,171795
103425,171788
103444,171784
103450,171783
103459,171781
103462,171757
103519,171724
103544,171719
103548,171718
103550,171705
103576,171674
103644,171663
103813,171659
103857,171558
103862,171531
103943,171520
103965,171514
104036,171506
104049,171492
104170,171480
104270,171479
104275,171475
104369,171421
104383,171408
104397,171292
104521,171287
104526,171278
104553,171267
104563,171258
104601,171252
104624,171251
104684,171219
104749,171205
104905,171199
105053,171198
105085,171176
105127,171169
105137,171149
105158,171144
105336,171138
105338,171132
105338,171131
105371,171122
105380,171100
105395,171098
105527,171025
105535,171021
105582,171019
105630,171018
105658,171002
105665,170972
105743,170970
105743,170968
105751,170967
105800,170966
105811,170965
105840,170963
105908,170962
105913,170961
105937,170959
105937,170949
105955,170948
105967,170947
105995,170944
106004,170938
106013,170935
106016,170925
106034,170922
106044,170921
106075,170920
106081,170915
106091,170909
106175,170908
106188,170902
106196,170898
106209,170897
106242,170889
106267,170886
106289,170885
106448,170878
106455,170875
106502,170866
106509,170865
106554,170862
106567,170861
106582,170858
106599,170855
106607,170849
106641,170830
106699,170829
106703,170828
106704,170811
106710,170778
106736,170777
106743,170771
106836,170764
106852,170762
106882,170760
106934,170741
106953,170740
106968,170738
106978,170736
106984,170735
106993,170734
107009,170732
107036,170731
107037,170730
107052,170727
107053,170726
107061,170725
107067,170724
107079,170723
107099,170722
107111,170721
107147,170719
107147,170716
107182,170714
107256,170713
107272,170711
107355,170710
107363,170696
107393,170695
107450,170694
107500,170693
107500,170690
107520,170677
107590,170669
107625,170668
107629,170663
107636,170661
107650,170650
107659,170648
107670,170645
107675,170640
107692,170627
107705,170626
107722,170625
107770,170619
107787,170606
107826,170604
107835,170602
107836,170585
107840,170582
107882,170580
107887,170576
107895,170574
107982,170558
108026,170557
108097,170556
108193,170547
108332,170542
108350,170541
108363,170540
108369,170528
108389,170521
108407,170517
108419,170515
108419,170514
108423,170513
108423,170512
108458,170511
108543,170507
108562,170506
108588,170505
108590,170504
108621,170495
108635,170494
108666,170493
108702,170492
108707,170489
108714,170487
108795,170486
109057,170485
109285,170478
109468,170477
109475,170476
109615,170475
109653,170474
109768,170471
109909,170469
109912,170468
110024,170466
110119,170465
110155,170464
110181,170463
110217,170462
110265,170461
110279,170459
110511,170457
111181,175235
111181,174964
111189,174865
111194,174819
111195,174737
111195,174598
111204,174373
111216,174321
111218,174254
111225,174133
111233,174131
111243,174079
111244,173827
111256,173688
111264,173530
111333,172808
111519,172782
111524,172715
111535,172663
111632,172611
111727,172602
111832,172585
111919,172453
112218,171303
112322,171300
112334,171295
112367,171286
112399,171281
112442,171278
112452,171260
112477,171244
112550,171239
112557,171209
112722,171146
112723,171079
112995,171070
113051,171066
113053,171064
113055,171061
113056,171058
113086,171055
113297,170901
113310,170876
113318,170869
113349,170866
113397,170855
113420,170848
113438,170842
113455,170841
113456,170838
113485,170835
113508,170834
113593,170831
113608,170829
113609,170828
113614,170825
113638,170823
113654,170818
113731,170816
113740,170815
113811,170814
113829,170811
113856,170808
113883,170804
113971,170802
114132,170771
114146,170760
114368,170752
114418,170749
114426,170748
114458,170746
114660,170715
114696,170712
114829,170708
114847,170691
114906,170690
114988,170660
114992,170653
115015,170651
115017,170649
115030,170644
115057,170643
115059,170641
115065,170640
115076,170631
115088,170628
115108,170627
115129,170622
115161,170619
115169,170617
115178,170616
115195,170614
115230,170613
115263,170611
115316,170608
115338,170605
115354,170604
115359,170603
115400,170596
115404,170588
115453,170580
115477,170575
115496,170567
115539,170566
115551,170564
115557,170563
115601,170559
115657,170534
115747,170523
115753,170515
115898,170513
115900,170512
115934,170511
115974,170509
115975,170508
116116,170500
116134,170494
116150,170493
116201,170491
116208,170489
116211,170485
116232,170484
116234,170483
116283,170481
116370,170456
116541,170455
116652,170448
116659,170447
116661,170445
116699,170444
116715,170441
116744,170437
116870,170434
116985,170433
117165,170428
117169,170416
117200,170415
117356,170414
117490,170384
117491,170383
117576,170378
117587,170377
117601,170374
117617,170373
117619,170372
117628,170348
117628,170313
117631,170312
117644,170293
117660,170292
117670,170291
117675,170290
117683,170289
117689,170288
117712,170284
117713,170282
117724,170281
117734,170280
117734,170278
117734,170276
117758,170275
117766,170265
117774,170262
117830,170247
117852,170246
117853,170244
117871,170243
117939,170238
117951,170237
118080,170236
118085,170234
118099,170232
118282,170231
118285,170230
118321,170228
118449,170227
118498,170226
118501,170225
118725,170222
118814,170221
119537,170220
119543,170219
119703,170218
119746,170215
120017,170206
120026,170203
120233,170187
120235,170186
120241,170185
120249,170184
120554,170182
120592,170180
120592,170179
120616,170178
120690,170175
120742,170174
120928,170171
121128,170165
121552,170159
122198,170156
122207,170155
122978,170154
122986,170146
123098,170145
123364,170144
123689,170143
124663,175703
124665,175560
124666,175359
124667,174678
124671,174631
124672,174254
124691,174116
124741,174036
124754,174021
124758,173826
124786,173769
124888,173711
124904,173696
124907,173677
124908,173655
124923,173618
124927,173333
125022,173320
125074,173226
125129,173072
125247,173042
125247,172988
125307,172978
125336,172924
125379,172905
125407,172891
125420,172822
125439,172780
125485,172725
125709,171370
125801,171358
125874,171355
125892,171326
125907,171306
125953,171284
126001,171281
126006,171265
126014,171261
126030,171253
126127,171241
126237,171218
126311,171207
126553,170900
126731,170889
126844,170887
126858,170879
126899,170873
126970,170864
127127,170840
127143,170830
127153,170814
127158,170808
127178,170805
127189,170801
127197,170796
127241,170786
127382,170779
127408,170766
127463,170716
127527,170708
127553,170695
127895,170541
127922,170538
127953,170519
127962,170511
128001,170504
128003,170489
128087,170484
128297,170452
128386,170448
128386,170444
128396,170441
128443,170429
128455,170425
128460,170424
128463,170421
128466,170420
128472,170419
128508,170417
128515,170408
128561,170404
128645,170402
128709,170396
128783,170375
128818,170373
128912,170371
128952,170370
128975,170369
128992,170367
128996,170363
129018,170362
129052,170359
129096,170358
129189,170355
129250,170351
129361,170347
129374,170345
129432,170342
129445,170340
129499,170339
129507,170333
129570,170322
129617,170313
129715,170311
129815,170309
129825,170306
129876,170305
129882,170303
129905,170302
129925,170301
129951,170300
129972,170297
129989,170295
130019,170294
130027,170291
130041,170290
130042,170288
130063,170286
130121,170285
130133,170284
130181,170282
130217,170281
130284,170280
130367,170275
130432,170274
130505,170272
130516,170265
130545,170264
130570,170262
130584,170258
130608,170254
130761,170253
130771,170252
130816,170251
130818,170249
130835,170248
130906,170247
130917,170244
130924,170242
130959,170237
130991,170236
131003,170234
131020,170233
131185,170229
131189,170224
131311,170222
131471,170220
131483,170219
131491,170218
131501,170217
131507,170216
131555,170215
131555,170214
131557,170212
131601,170211
131619,170210
131627,170209
131745,170203
131801,170201
131877,170200
131884,170199
131910,170198
132103,170192
132131,170191
132237,170189
132479,170188
132486,170187
132548,170183
132697,170181
132752,170178
133546,174595
133554,174471
133560,174377
133566,174175
133932,171882
133935,171841
134013,171819
134080,171810
134158,171779
134205,171772
134265,171770
134300,171751
134372,171689
134538,171688
134554,171649
134572,171619
134622,171611
134798,171608
134963,171577
135038,171573
135156,171556
135171,171552
135219,171544
135239,171540
135241,171538
135276,171537
135289,171528
135303,171525
135351,171513
135383,171510
135450,171506
135524,171492
135611,171482
135615,171442
135785,171406
135855,171401
135876,171388
136017,171380
136118,171368
136230,171367
136299,171364
136393,171265
136418,171261
136524,171257
136583,171254
136628,171246
136631,171244
136666,171236
136673,171233
136675,171216
136692,171215
136743,171212
136809,171208
136828,171201
136863,171200
137181,171116
137367,171115
137396,171111
137429,171101
137504,171100
137643,171063
137976,171062
137983,171048
138280,171045
138470,171042
138473,171032
139283,171031
139806,170923
139850,170919
139914,170906
140043,170878
140168,170875
140254,170874
140257,170873
140265,170871
140279,170870
140279,170867
140315,170863
140373,170861
140433,170859
140484,170858
140490,170856
140583,170854
140654,170852
140656,170851
140700,170849
140763,170846
140796,170839
140834,170837
140865,170835
140889,170833
140892,170832
140923,170830
141035,170829
141082,170821
141158,170819
141168,170818
141178,170815
141202,170814
141242,170812
141265,170808
141321,170801
141337,170800
141398,170799
141404,170796
141424,170794
141463,170793
141475,170792
141509,170791
141509,170790
141514,170787
141537,170785
141546,170783
141552,170782
141557,170781
141577,170779
141631,170777
141653,170776
141655,170775
141663,170772
141668,170770
141693,170768
141823,170755
141827,170739
141834,170732
141844,170728
141904,170727
141905,170714
141908,170713
141929,170706
141992,170701
142025,170700
142071,170696
142071,170687
142101,170684
142149,170678
142186,170673
142331,170613
142378,170612
142491,170609
142660,170606
142722,170605
142745,170601
142751,170600
142797,170599
142863,170596
142943,170585
142946,170584
143078,170581
143188,170573
143300,170572
143586,170570
143602,170568
143819,170560
143841,170555
144036,170554
144048,170553
144308,170551
144413,170546
144511,170544
144559,170543
144975,170520
145134,170517
145254,170516
145258,170515
145267,170514
145321,170510
145334,170509
146265,175743
146265,175736
146266,174879
146269,174873
146270,174867
146281,174561
146283,174239
146314,173968
146346,173861
146360,173838
146367,173713
146377,173694
146382,173589
146385,173512
146410,173430
146448,173407
146455,173228
147342,171444
147558,171268
147563,171220
147708,171199
147738,171149
147798,171146
147805,171140
147816,171103
147909,171085
147944,171070
148229,171036
148352,171014
148414,171004
148436,170964
148492,170962
148508,170953
148546,170951
148554,170948
148564,170946
148570,170931
148591,170914
148612,170913
148617,170912
148630,170886
148819,170569
148945,170566
148954,170563
148956,170562
149012,170559
149013,170558
149014,170557
149023,170555
149027,170551
149034,170547
149037,170546
149062,170542
149074,170539
149082,170535
149082,170534
149129,170514
149160,170512
149164,170510
149175,170502
149415,170454
149431,170450
149433,170445
149454,170442
149463,170441
149495,170435
149505,170430
149520,170429
149521,170426
149547,170414
149555,170408
149571,170401
149580,170400
149583,170395
149584,170390
149600,170389
149606,170380
149607,170379
149623,170374
149643,170372
149644,170371
149652,170367
149658,170366
149674,170365
149717,170364
149717,170359
149735,170348
149742,170346
149747,170340
149756,170337
149798,170336
149812,170332
149840,170326
149922,170324
149947,170320
149976,170319
150000,170315
150005,170312
150029,170311
150052,170310
150052,170307
150135,170303
150145,170301
150188,170299
150223,170296
150236,170289
150348,170286
150470,170276
150512,170271
150546,170270
150554,170269
150660,170268
150675,170267
150698,170264
150706,170263
150901,170227
151089,170226
151157,170220
151163,170219
151253,170206
151257,170205
151816,170204
151944,170202
152129,170199
152411,170198
152415,170197
153268,175359
153269,175102
153274,174985
153278,174895
153279,174667
153282,174618
153284,174521
153298,174474
153301,174424
153305,174186
153311,174114
153321,173839
153344,173805
153414,173773
153455,173736
153489,173672
153506,173656
153520,173479
153537,173406
153670,173382
153676,173371
153763,173261
153880,173207
154242,172377
154250,172356
154254,172347
154267,172344
154272,172333
154274,172316
154285,172241
154295,172080
154684,172073
154933,171567
155076,171566
155137,171565
155140,171551
155203,171541
155216,171536
155259,171527
155298,171522
155299,171515
155324,171503
155589,171487
155608,171485
155674,171436
155707,171242
155727,171239
155731,171236
155757,171221
155766,171172
155794,171140
155801,171124
155871,171079
155962,171074
155971,171069
155982,171066
156010,171065
156035,171054
156061,171040
156147,171039
156159,171027
156211,171023
156227,171018
156239,171011
156245,171010
156258,170988
156299,170982
156302,170980
156305,170975
156319,170972
156352,170969
156372,170966
156390,170955
156416,170954
156417,170938
156431,170937
156449,170934
156468,170932
156485,170926
156494,170925
156514,170915
156523,170913
156536,170912
156537,170911
156566,170905
156572,170904
156573,170902
156623,170900
156631,170804
156680,170801
156783,170787
156800,170784
156801,170783
156803,170778
156818,170774
156852,170766
156901,170763
156925,170761
156945,170756
156946,170755
156963,170754
156972,170753
156999,170746
157005,170745
157051,170743
157150,170723
157168,170721
157179,170718
157187,170716
157227,170713
157235,170712
157293,170707
157533,170706
157577,170705
157579,170704
157998,170504
158052,170498
158097,170497
158106,170494
158128,170493
158278,170486
158322,170484
158333,170483
158338,170482
158378,170481
158445,170480
158508,170479
158524,170469
158530,170468
158546,170464
158584,170462
158622,170461
158656,170458
158668,170455
158702,170454
158710,170453
158737,170450
158753,170449
159499,170419
159685,170416
159796,170411
159849,170409
159988,170407
160021,170406
160237,170405
160277,170400
160302,170390
160435,170367
160437,170361
160473,170360
160477,170357
160483,170356
160486,170354
160497,170353
160501,170350
160501,170345
160522,170344
160526,170340
160539,170338
160550,170336
160553,170334
160555,170333
160561,170329
160566,170328
160580,170326
160613,170322
160626,170321
160945,170315
161056,170313
161155,170308
161176,170307
161178,170306
161192,170304
161198,170303
161203,170302
161241,170301
161271,170298
161340,170296
161402,170294
161425,170273
161644,170240
161711,170238
161842,170237
161975,170230
162341,170227
163120,175119
163129,174982
163130,174899
163131,174715
163135,174601
163140,174566
163145,174290
163149,174183
163163,174039
163179,173906
163183,173878
163196,173638
163205,173599
163237,173593
163250,173512
163253,173440
163258,173323
163287,173275
163339,173112
163355,173065
163398,172869
163599,172852
163653,172817
164200,172257
164221,172240
164242,172155
164274,172102
164346,172059
164688,171757
165066,171752
165159,171750
165178,171738
165210,171725
165218,171674
165816,171372
165919,171360
165991,171321
166006,171292
166031,171274
166054,171253
166060,171238
166443,171048
166672,171012
166821,170896
167004,170883
167084,170876
167128,170864
167149,170862
167151,170860
167330,170854
167414,170852
167450,170850
167522,170845
167704,170840
167853,170821
167988,170818
167995,170817
167998,170816
168033,170807
168063,170804
168109,170789
168158,170788
168176,170782
168183,170781
168221,170772
168236,170770
168282,170762
168296,170755
168352,170753
168375,170751
168389,170750
168398,170748
168418,170747
168423,170745
168631,170682
168721,170669
168857,170668
169015,170651
170198,175305
170199,175181
170204,174974
170208,174585
170221,174547
170225,174132
170361,173750
170368,173405
170377,172982
170389,172311
170389,172259
170394,172103
170590,172054
170685,172053
170685,172050
170793,172047
170863,172037
170935,172028
170965,171958
171002,171947
171480,171675
171631,171664
171741,171620
172411,171245
172415,171224
172454,171206
172520,171182
172767,171158
172843,171142
172849,171137
172863,171135
172949,171132
172950,171122
172953,171118
172975,171114
173005,171105
173014,171104
173051,171103
173051,171094
173055,171073
173072,171068
173234,171005
173288,171000
173391,170979
173482,170966
173568,170955
173642,170923
173910,170698
173999,170679
174065,170677
174098,170672
174140,170671
174216,170657
174217,170656
174276,170654
174325,170652
174330,170650
174380,170642
174382,170640
174424,170636
174457,170634
174497,170633
174505,170629
174559,170627
174612,170626
174624,170624
174641,170623
174656,170620
174710,170619
174719,170618
174738,170617
174765,170609
174815,170597
174881,170596
174897,170594
174939,170589
174943,170583
174986,170575
175059,170573
175077,170572
175089,170570
175120,170562
175141,170561
175143,170549
175144,170548
175181,170544
175183,170540
175204,170538
175205,170537
175248,170532
175321,170530
175368,170529
175418,170528
175438,170520
175496,170519
175561,170508
175577,170506
175591,170505
175596,170504
175598,170503
175804,170450
175824,170447
175886,170444
175919,170441
175937,170430
175970,170427
176002,170422
176038,170419
176061,170405
176140,170402
176160,170387
176198,170385
176258,170376
176435,170375
176438,170370
176575,170357
176590,170353
176712,170351
176742,170350
176788,170344
176798,170329
176838,170328
176861,170326
176884,170318
177076,170317
177087,170311
177128,170310
177748,170309
177816,170308
177970,170298
178068,170296
178069,170294
178113,170289
178176,170287
178195,170286
178215,170285
178218,170283
178219,170282
178248,170281
178251,170279
178251,170276
178288,170275
178713,170270
178751,170263
178854,170242
178922,170233
178957,170232
178979,170230
179067,170229
179105,170228
179454,170208
180012,170188
180880,175376
180883,174981
180885,174665
180898,174415
180904,174202
180904,174155
180916,174060
180925,173943
180931,173714
180936,173661
180999,173660
181007,173600
181035,173511
181050,173458
181062,173195
181083,173161
181145,172904
181292,172893
181302,172819
181344,172804
181428,172787
181436,172718
181447,172712
181462,172706
181549,172686
181573,172631
181871,171373
181957,171365
182010,171351
182052,171347
182115,171345
182175,171333
182191,171332
182207,171322
182556,171292
182644,171261
182866,171256
183165,171103
183350,171097
183435,171083
183652,171080
183943,171078
184148,171077
184166,171072
184223,171064
184358,171040
184359,171039
184404,171036
184630,171035
184688,171034
184705,171031
184714,171030
184727,171018
184737,171017
184758,170999
184856,170998
184867,170972
184938,170970
184942,170953
184954,170945
184965,170912
184969,170907
185014,170894
185089,170872
185107,170867
185187,170860
185198,170857
185230,170852
185237,170847
185262,170839
185292,170832
185355,170825
185373,170817
185442,170816
185449,170815
185465,170812
185469,170808
185471,170806
185500,170804
185566,170803
185568,170802
185591,170800
185630,170796
185649,170794
185683,170793
185692,170790
185748,170787
185783,170786
185794,170785
185798,170783
185814,170782
185841,170779
185889,170778
185913,170777
186057,170765
186150,170759
186171,170758
186193,170757
186223,170755
186270,170754
186295,170752
186499,170750
186593,170749
186677,170748
186765,170745
186830,170743
186885,170742
186887,170739
187062,170730
187083,170729
187117,170728
187129,170726
187192,170725
187254,170713
187308,170709
187385,170706
187399,170705
187596,170676
187662,170675
187693,170674
187981,170673
187995,170668
188357,170667
188363,170655
188390,170651
188778,170647
188797,170646
188854,170639
188939,170638
188945,170637
188970,170632
189072,170630
189207,170625
189401,170624
189409,170618
189447,170614
189646,170579
189684,170577
189694,170574
189740,170571
189768,170557
189938,170556
189976,170555
189978,170554
190102,170553
190203,170552
190267,170548
190281,170547
190320,170545
190426,170541
190427,170539
190524,170536
190561,170534
190614,170533
190700,170529
190711,170523
190722,170519
190768,170518
190833,170514
190888,170512
191279,170506
191283,170505
191294,170501
191329,170500
191500,170450
191748,170449
191788,170446
191888,170445
191891,170444
191927,170443
192016,170434
192060,170431
192128,170428
192278,170426
192527,170412
192918,170411
192922,170406
193177,170403
193181,170398
193197,170391
193257,170390
193334,170388
193338,170380
193455,170379
193506,170376
193765,170367
193921,170366
194016,170364
194940,175382
194941,175182
194943,175021
194945,174870
194949,174444
194969,174365
194987,174283
195003,174210
195032,174174
195038,174101
195066,173947
195226,173734
195227,171624
195265,171601
195281,171591
195281,171579
195295,171574
195311,171540
195367,171490
195568,171341
195586,171329
195732,171328
195744,171302
195753,171301
195759,171294
195817,171282
195946,171145
195953,171140
196004,171138
196038,171120
196053,171116
196071,171112
196101,171110
196125,171102
196172,171096
196180,171094
196181,171088
196186,171083
196216,171080
196251,171079
196286,171061
196328,171056
196645,170899
196703,170892
196742,170889
196743,170888
196750,170873
196787,170871
196799,170870
196823,170869
196864,170868
196872,170867
196900,170863
196922,170859
196922,170856
196935,170853
196971,170852
196993,170850
197084,170819
197118,170818
197274,170814
197344,170812
197348,170809
197372,170803
197450,170799
197487,170795
197504,170789
197594,170786
197916,170543
198036,170539
198076,170533
198093,170512
198124,170510
198130,170508
198148,170506
198148,170502
198156,170501
198219,170483
198225,170481
198303,170480
198360,170477
198399,170472
198513,170471
198530,170470
198562,170468
198563,170466
198587,170463
198611,170459
198672,170457
198692,170451
198709,170449
198720,170448
198809,170447
198821,170443
198889,170439
198942,170429
199013,170413
199035,170408
199122,170402
199141,170399
199144,170397
199187,170391
199197,170383
199239,170382
199253,170380
199300,170377
199365,170376
199397,170375
199727,170326
199878,170325
200354,170323
200423,170290
200467,170285
200516,170278
200546,170271
200595,170270
200597,170268
200609,170267
200657,170263
200857,170249
200951,170240
200963,170238
200973,170232
201053,170224
201057,170209
201091,170205
201109,170202
201345,170200
201372,170199
201582,170198
201586,170197
201885,170191
201921,170190
202791,175401
202795,175248
202797,175232
202799,174651
202810,174413
202813,174308
202822,174283
202827,174155
202837,174118
202855,173887
202869,173754
202869,173752
202883,173695
202887,173608
202950,173448
202951,173438
203064,173256
203069,173182
203084,173086
203132,172967
203198,172892
203199,172873
203237,172859
203266,172848
203308,172837
203369,172631
203477,172505
203634,172501
203673,172475
203703,172343
203981,171961
204019,171955
204258,171940
204604,171528
204630,171514
204727,171440
204955,171436
204960,171428
205050,171425
205095,171393
205137,171360
205443,171359
205443,171353
205558,171349
205651,171329
205826,171319
206298,171211
206308,171205
206311,171192
206349,171177
206656,171142
206974,171136
206982,171125
206998,171087
207616,170641
207656,170628
207683,170621
207689,170620
207704,170617
207720,170597
207791,170591
207835,170581
207846,170569
207882,170568
207935,170540
208031,170526
208111,170521
208127,170519
208140,170517
208193,170515
208214,170509
208252,170507
208266,170505
208272,170503
208303,170502
208309,170501
208312,170500
208402,170492
208415,170491
208431,170488
208445,170485
208450,170483
208536,170482
208593,170480
208614,170477
208640,170476
208671,170475
208681,170474
208698,170472
208747,170470
208770,170469
208790,170460
208860,170459
208880,170455
208921,170452
209022,170448
209071,170443
209157,170442
209222,170440
209390,170388
209546,170386
209575,170383
209597,170377
209618,170372
209640,170369
209645,170368
209645,170365
209655,170361
209767,170360
209806,170356
209842,170355
209854,170351
209858,170349
209861,170345
209923,170343
209941,170342
209972,170341
209981,170333
210063,170331
210064,170327
210081,170326
210180,170325
210258,170323
210281,170322
210299,170321
210309,170319
210313,170318
210357,170317
210403,170316
210418,170315
210441,170313
210442,170312
210475,170310
210480,170309
210571,170307
210606,170290
210611,170287
210615,170278
210668,170277
210767,170276
210776,170275
210780,170274
210957,170270
211000,170269
211027,170268
211124,170267
211193,170243
211197,170241
211261,170240
211312,170238
211312,170237
211409,170227
211438,170226
211546,170224
211658,170221
211687,170219
211930,170218
212047,170216
212049,170214
212055,170213
212111,170212
213010,175094
213012,174749
213017,174582
213040,174545
213041,174261
213044,174258
213056,174097
213088,174025
213090,173705
213129,173644
213166,173586
213181,173406
213202,173369
213240,173271
213243,173198
213379,172581
213387,172352
213396,171766
213471,171752
213497,171747
213512,171745
213515,171739
213516,171738
213524,171723
213527,171714
213534,171708
213550,171674
213564,171657
213672,171624
213761,171581
214384,171421
214461,171381
214689,171376
214693,171358
214733,171356
214860,171349
215030,171322
215043,171315
215308,171313
215325,171304
215355,171300
215366,171298
215497,171285
215539,171240
215567,171235
215608,171193
215612,171117
215612,171113
215687,171107
215709,171105
215745,171082
215903,171076
215910,171070
215957,171058
216004,171056
216006,171030
216017,171028
216030,171027
216139,171008
216151,170998
216264,170995
216331,170991
216333,170989
216389,170985
216397,170979
216399,170972
216474,170967
216741,170961
216815,170960
216851,170946
216907,170945
216966,170943
216974,170939
217031,170937
217134,170934
217155,170930
217446,170849
217561,170844
217685,170834
217959,170819
217974,170812
218016,170807
218076,170794
218128,170792
218158,170781
218176,170778
218201,170774
218220,170772
218231,170770
218232,170769
218353,170734
218682,170715
218790,170714
218793,170710
218803,170709
218809,170695
218948,170689
218990,170688
218996,170685
219006,170677
219112,170674
219203,170670
219219,170666
219265,170662
219269,170658
219282,170655
219484,170653
219485,170645
219489,170641
219619,170637
219669,170635
219674,170627
219714,170622
219849,170621
219864,170619
219948,170616
219956,170615
220008,170612
220050,170608
220102,170561
220133,170559
220147,170558
220259,170556
220299,170553
220382,170546
220390,170543
220422,170541
220437,170534
220448,170521
220552,170519
220637,170508
220693,170507
220826,170496
220935,170487
221004,170473
221029,170472
221046,170461
221067,170449
221071,170447
221173,170445
221300,170440
221390,170439
221577,170438
221634,170437
221792,170435
222651,175345
222652,175213
222655,175047
222661,174957
222663,174908
222665,174844
222665,174787
222670,174724
222671,174617
222672,174426
222672,174398
222674,174091
222715,174073
222727,173810
222755,173625
222793,173432
222830,173380
223341,171324
223371,171322
223491,171310
223551,171281
223911,170994
223962,170988
223963,170986
223964,170944
223985,170923
224125,170917
224125,170890
224178,170886
224181,170883
224231,170882
224236,170865
224533,170861
224537,170859
224544,170858
224560,170857
224569,170839
224642,170838
224644,170824
224658,170821
224715,170819
224765,170812
224777,170799
224826,170798
224883,170797
224891,170770
225092,170655
225214,170640
225399,170638
225597,170622
225612,170618
225619,170605
225635,170604
225668,170603
225695,170602
225706,170599
225715,170597
225744,170596
225774,170595
225803,170594
225857,170591
225897,170590
225973,170589
225985,170587
226032,170548
226071,170546
226071,170543
226207,170542
226247,170540
226312,170530
226316,170520
226490,170506
226927,170502
226956,170501
227667,170490
228178,170477
228180,170475
228620,170473
229049,170402
229257,170401
229278,170399
229403,170396
229410,170394
229420,170393
229524,170392
229552,170390
229555,170389
229577,170386
229619,170383
229915,170354
229917,170353
229956,170350
229969,170349
229972,170348
229979,170347
230031,170343
230052,170342
230088,170341
230207,170339
230485,170311
230646,170310
230821,170304
230855,170303
230884,170301
231042,170299
231094,170287
231105,170283
231146,170282
231147,170281
231388,170264
231482,170263
231877,170220
231942,170212
231948,170200
232083,170197
232217,170195
232218,170189
232243,170179
232432,170161
232471,170149
232807,170147
232816,170146
232908,170144
233015,170127
233078,170122
233113,170118
233154,170106
233378,170101
233379,170100
233392,170099
233393,170092
233479,170090
233501,170089
233804,170088
233806,170085
233946,170078
234035,170077
234064,170075
234067,170074
234132,170071
234183,170070
234202,170068
234285,170067
234409,170066
234547,170065
234676,170059
234775,170058
234951,170057
235511,170056
236391,175443
236391,175419
236393,174968
236396,174555
236407,174540
236420,174279
236442,174261
236444,173952
236497,173930
236498,173690
236544,173316
236576,173207
236603,173128
236695,173112
236702,173002
236845,172982
236868,172945
236908,172944
236994,172899
237015,172887
237015,172754
237051,172736
237393,171968
237509,171928
237542,171913
237553,171902
237596,171899
237605,171826
237617,171825
237679,171821
237693,171806
237694,171748
237739,171692
237742,171681
237762,171644
237830,171641
237849,171627
237891,171625
237948,171624
237967,171607
238044,171588
238079,171569
238217,171553
238555,171399
238768,171386
238769,171380
238885,171373
239030,171362
239140,171360
239377,171157
239451,171153
239489,171152
239529,171151
239531,171147
239597,171142
239626,171141
239710,171130
239725,171119
239972,171009
239996,170996
240098,170995
240226,170994
240263,170989
240277,170988
240309,170961
240324,170959
240331,170956
240602,170939
240647,170934
240666,170930
240757,170918
240810,170912
240858,170907
240896,170898
241024,170877
241053,170868
241148,170865
241162,170863
241190,170860
241207,170858
241218,170852
241249,170850
241279,170847
241317,170845
241323,170844
241331,170841
241344,170840
241385,170838
241545,170829
241547,170827
241547,170736
241577,170731
241723,170729
241747,170726
241808,170725
241822,170724
241931,170721
241947,170714
241959,170712
242125,170694
242179,170692
242288,170691
242302,170686
242305,170676
242365,170675
242422,170674
242427,170673
242512,170672
242528,170669
242552,170665
242560,170664
242564,170661
242808,170611
242810,170609
243432,170582
243460,170581
243463,170578
243593,170577
243594,170576
243677,170555
244304,170527
244391,170526
244442,170519
244802,170515
245063,170513
245101,170512
245223,170509
245249,170505
245601,170377
245638,170373
245791,170356
245797,170355
245852,170351
245864,170348
245871,170347
246034,170344
246082,170343
246087,170341
246111,170338
246126,170329
246423,170328
246469,170327
246489,170326
246500,170319
246605,170314
246768,170312
246801,170309
246819,170308
246831,170306
246908,170304
246963,170299
246988,170298
247011,170292
247019,170290
247025,170289
247213,170288
247236,170287
247239,170285
247247,170282
247353,170281
247434,170278
247443,170253
247490,170248
247524,170247
247575,170246
247699,170243
247904,170241
248114,170240
248246,170237
248318,170230
248337,170229
248389,170228
248548,170227
248685,170223
248685,170222
248705,170221
248895,170220
249041,170217
249965,175232
249966,175214
249969,174898
249979,174871
249985,174561
250013,174559
250021,174537
250032,174497
250040,174468
250043,174455
250046,174396
250049,174302
250053,174252
250060,174235
250071,174182
250077,174011
250097,173909
250136,173880
250151,173766
250177,173726
250178,173651
250236,173632
250238,173614
250257,173571
250260,173524
250285,173438
250300,173261
250897,172919
250907,172907
250931,172882
251059,172818
251063,172805
251431,172291
251446,172283
251559,172277
251595,172233
251654,172227
251690,172221
251770,172195
251860,172179
251897,172166
252307,171995
252405,171976
252568,171972
252583,171968
252583,171964
252660,171957
252660,171954
252687,171935
252706,171934
252873,171572
252983,171542
252992,171517
253082,171510
253096,171494
253173,171476
253194,171473
253238,171452
253284,171449
253339,171423
253354,171419
253506,171209
253691,171205
253693,171197
253704,171182
253704,171181
253742,171177
253755,171163
253763,171156
253765,171144
253813,171131
253819,171117
254034,171101
254049,171085
254116,171052
254137,171029
254311,171017
254339,171016
254428,171015
254740,170781
254767,170778
254796,170775
254800,170773
254804,170769
254929,170757
254933,170752
254971,170740
255020,170735
255259,170694
255271,170692
255298,170686
255331,170682
255447,170680
255491,170679
255540,170678
255571,170662
255720,170657
255771,170651
255785,170649
255934,170639
256016,170636
256255,170623
256351,170620
256396,170615
256469,170610
256500,170608
256598,170603
256613,170601
256744,170596
256773,170593
256801,170590
256963,170587
257026,170584
257068,170581
257205,170571
257458,170564
257461,170554
257622,170552
257687,170550
257689,170549
257699,170548
257706,170547
257717,170546
257814,170545
257916,170544
258090,170543
258337,170529
258431,170528
258670,170527
258835,170526
258981,170521
259122,170519
259216,170515
259239,170514
259304,170510
259411,170509
259537,170507
259571,170502
259988,170496
259998,170494
260066,170493
260182,170489
260209,170488
260226,170487
260266,170480
260284,170479
260501,170478
260687,170475
260932,170472
260969,170469
261139,170446
261145,170443
261174,170442
261702,170435
261884,170427
261888,170426
262084,170422
262160,170417
262203,170416
262395,170387
262646,170386
263244,170385
263410,170384
263412,170383
263709,170380
263792,170379
263997,170372
264144,170369
264886,170365
265054,170364
265270,170362
266265,175756
266265,175294
266268,175247
266269,175205
266270,175016
266278,174806
266286,174755
266286,174673
266436,172678
266500,172664
266536,172475
266753,172473
266919,172468
266996,172444
267063,172420
267270,172379
267310,172117
267333,172038
267357,171952
267372,171933
267382,171912
267383,171804
267532,171795
267614,171786
267674,171780
267823,171779
268484,171583
268869,171482
268928,171461
269164,171458
269399,171439
269458,171438
269472,171431
269530,171424
269555,171422
269561,171419
269567,171418
269575,171412
269598,171411
269602,171401
269666,171388
269678,171386
269688,171377
269760,171371
269839,171329
269968,171328
269993,171317
270162,171313
270187,171308
270192,171294
270252,171289
270320,171279
270389,171278
270407,171271
270413,171270
270484,171266
270588,171260
270682,171256
270703,171255
270741,171246
270824,171233
271146,171229
271197,171226
271250,171225
271259,171212
271281,171207
271310,171206
271330,171203
271369,171193
271369,171192
272424,171001
272456,171000
272462,170996
272466,170984
272484,170978
272501,170971
272509,170970
272633,170968
272652,170964
272652,170963
272685,170952
272728,170950
272867,170945
272879,170941
273048,170937
273063,170936
273064,170935
273107,170921
273188,170920
273336,170916
273351,170914
273358,170911
273404,170905
273453,170903
273540,170902
273542,170901
273561,170899
273568,170886
273645,170881
273677,170872
273757,170867
273827,170866
273947,170863
273962,170860
274060,170859
274091,170857
274108,170846
274168,170845
274183,170839
274201,170838
274204,170832
274212,170831
274238,170812
274242,170800
274343,170799
274383,170796
274398,170795
274421,170794
274564,170793
274575,170784
274581,170782
274624,170781
274665,170779
274694,170778
274726,170776
274748,170775
275016,170649
275016,170648
275045,170641
275108,170640
275113,170637
275128,170636
275145,170635
275153,170634
275156,170633
275198,170631
275229,170625
275244,170623
275315,170622
275325,170618
275383,170614
275495,170609
275535,170603
275545,170598
275658,170593
275681,170592
275767,170591
275869,170585
275909,170584
275943,170583
275950,170582
276042,170581
276063,170580
276129,170579
276413,170577
276487,170575
276621,170573
276635,170570
276680,170565
276849,170520
276867,170519
276882,170518
276977,170513
277134,170512
277149,170510
277211,170504
277230,170502
277249,170498
277288,170497
277323,170496
277350,170495
277366,170490
277390,170479
277428,170478
277430,170474
277435,170465
277457,170464
277479,170459
277538,170458
277642,170454
277700,170447
277731,170444
277733,170442
277750,170441
277825,170440
277855,170439
277866,170438
277873,170437
277880,170436
277901,170425
277909,170412
278011,170411
278120,170409
278135,170408
278340,170407
278392,170403
278404,170397
278417,170395
278427,170394
278467,170393
278485,170380
278510,170375
278555,170370
278581,170369
278600,170367
278778,170366
278846,170365
278929,170364
278963,170361
279049,170360
279078,170358
279411,170356
279413,170351
279956,170349
280526,170344
280545,170343
280561,170341
280692,170340
280769,170333
280782,170332
280839,170330
280989,170329
281909,174861
281919,174645
282335,172850
282343,172781
282379,172729
282397,172723
282519,172689
282556,172602
282599,172525
283273,172382
283546,172355
283956,172016
284016,172014
284028,171990
284044,171949
284045,171913
284083,171897
284122,171871
284210,171841
284363,171810
284387,171792
284705,171723
284763,171719
284768,171716
284773,171710
284798,171691
284798,171648
284894,171627
285123,171616
285877,171419
286318,171132
286344,171127
286369,171126
286398,171104
286403,171103
286409,171087
286419,171086
286460,171085
286480,171059
286503,171051
286525,171050
286573,171025
286577,171020
286579,170718
286614,170710
286626,170704
286638,170697
286667,170686
286692,170682
286695,170674
286704,170673
286704,170666
286735,170661
286771,170660
286786,170658
286796,170651
286818,170647
286922,170646
286963,170644
286970,170641
287016,170634
287043,170633
287064,170631
287166,170617
287168,170603
287176,170594
287199,170593
287252,170582
287297,170559
287327,170554
287400,170551
287418,170550
287588,170488
287625,170486
287684,170480
287701,170477
287718,170476
287742,170475
287742,170474
287774,170473
287794,170470
287855,170463
287904,170460
287907,170457
287943,170456
288003,170422
288110,170421
288145,170420
288191,170411
288204,170407
288205,170406
288240,170405
288243,170400
288265,170399
288276,170384
288283,170382
288302,170379
288412,170378
288472,170377
288482,170376
288591,170375
288598,170371
288606,170366
288676,170365
288682,170364
288689,170358
288727,170357
288841,170350
288866,170348
288884,170347
288913,170346
288998,170331
289151,170330
289190,170324
289219,170322
289342,170321
289384,170320
289589,170316
289878,170311
289926,170306
290052,170302
290461,170289
290480,170288
290481,170287
290513,170285
290553,170284
290560,170283
290601,170282
290613,170281
290676,170280
290773,170279
290823,170278
290823,170276
290881,170275
290931,170274
290999,170273
291090,170271
291110,170270
291111,170263
291183,170262
291185,170261
291185,170260
291356,170250
291539,170249
291545,170248
291670,170237
292138,170228
292151,170227
292171,170226
292211,170220
292226,170219
292237,170216
292262,170215
292289,170214
292417,170197
292419,170168
292428,170167
292431,170166
292463,170165
292619,170164
293379,175250
293386,175248
293391,174911
293395,174859
293395,174536
293396,174450
293426,174411
293432,174300
293447,174257
293478,174217
293504,174169
293508,174126
293509,173958
293521,173748
293573,173743
293573,173640
293613,173610
293615,173554
293638,173239
293648,173230
293822,173139
293822,171925
293847,171868
293849,171864
293923,171863
293972,171851
293992,171837
294055,171818
294063,171794
294320,171766
294351,171765
294375,171752
294485,171635
294622,171623
294904,171618
294939,171604
295031,171603
295082,171601
295354,171120
296166,171063
296282,171062
296286,171057
296593,170749
296714,170736
296751,170733
296820,170730
296844,170726
296870,170719
296890,170705
296978,170704
296981,170695
297312,170655
297420,170654
297439,170652
297466,170651
297492,170650
297509,170647
297526,170629
297752,170628
297803,170625
297806,170621
297810,170608
297838,170601
297942,170600
298015,170598
298070,170597
298085,170595
298254,170592
298262,170591
298379,170590
298567,170588
298742,170584
298791,170581
298805,170580
298830,170571
298861,170570
298895,170569
298900,170564
298915,170563
298955,170562
298976,170560
299022,170556
299029,170547
299041,170546
299050,170544
299079,170533
299081,170532
299088,170531
299113,170530
299122,170529
299161,170528
299182,170526
299188,170522
299192,170521
299291,170519
299305,170518
299311,170517
299314,170514
299368,170510
299553,170509
299579,170508
299621,170497
299822,170482
299830,170480
299931,170479
299986,170477
300196,170453
300250,170450
300319,170449
300320,170445
300364,170444
300371,170442
300377,170433
300379,170430
300411,170423
300553,170422
300555,170416
300622,170414
300624,170413
300641,170411
301126,170409
301134,170407
301202,170404
301224,170403
301350,170402
301396,170398
301419,170393
301552,170390
301553,170368
301618,170365
301707,170352
301713,170341
301715,170340
301725,170331
301730,170330
301763,170318
301794,170317
301890,170316
301891,170314
301894,170306
301900,170305
301915,170304
301933,170303
301973,170299
302050,170297
302061,170295
302076,170290
302237,170288
302278,170287
302381,170286
302442,170283
302514,170274
302521,170273
302624,170266
302659,170265
302696,170263
302816,170262
303187,170261
303293,170259
303378,170258
303423,170257
303452,170256
303771,170249
303842,170248
303856,170247
304667,175128
304669,175042
304677,174424
304694,174172
304702,174110
304711,174020
304719,173982
304745,173914
304756,173660
304778,173541
304799,173535
304824,173498
304834,173451
304836,173347
304840,173264
304889,173206
304945,173009
304954,172891
304961,172818
304976,172624
304982,172613
305014,172536
305057,172517
305105,172498
305124,172388
305470,171570
305493,171569
305507,171548
305527,171533
305542,171504
305688,171466
305788,171364
306218,171335
306277,171331
306294,171326
306326,171325
306339,171284
306396,171283
306419,171270
306431,171260
306487,171256
306616,171127
306647,171125
306689,171122
306689,171114
306711,171105
306746,171099
306779,171094
306850,171092
306857,171081
306881,171080
306915,171078
306980,171071
307055,171069
307067,171065
307384,171001
307392,170997
307456,170994
307491,170983
307515,170982
307560,170981
307566,170980
307577,170979
307594,170978
307746,170975
307795,170968
307835,170967
307861,170966
307880,170965
307891,170962
307917,170959
307956,170958
308025,170953
308037,170949
308247,170947
308273,170945
308432,170939
308675,170935
308807,170928
308923,170922
309079,170919
309083,170904
309114,170903
309312,170848
309327,170811
309490,170808
309494,170787
309509,170785
309578,170766
309614,170761
309798,170759
309828,170753
309841,170749
309876,170748
309881,170746
309926,170743
309932,170740
309938,170735
309946,170729
309993,170727
310198,170725
310213,170724
310349,170721
310367,170720
310381,170714
310384,170713
310504,170709
310504,170708
310696,170705
310920,170701
310963,170698
311115,170697
311119,170694
311253,170692
311322,170691
311414,170687
311436,170685
311451,170682
311595,170679
311891,170678
312305,170676
312322,170675
312390,170673
312430,170672
312482,170670
312526,170669
312846,170636
313034,170633
313149,170631
313707,170570
313859,170566
313919,170563
314149,170561
314161,170558
314164,170555
314180,170553
314199,170552
314202,170550
314216,170548
314278,170526
314378,170523
314432,170517
314448,170516
314450,170502
314459,170496
314485,170495
314560,170491
314659,170489
314853,170488
315098,170487
315143,170482
315246,170481
315301,170480
315391,170477
315497,170474
315690,170473
315696,170472
315714,170471
315747,170470
315806,170468
315829,170467
315855,170465
315990,170462
316013,170460
316013,170459
316078,170458
316113,170457
316114,170456
316189,170451
316225,170450
316231,170449
316245,170448
316266,170447
316384,170443
316497,170442
316500,170441
316934,170440
316943,170439
316994,170437
317121,170434
317132,170433
317194,170432
317378,170426
317475,170425
317497,170424
317556,170423
317588,170415
317713,170414
317735,170412
317750,170409
317792,170408
317878,170407
317923,170406
317923,170403
317952,170402
317973,170398
317976,170394
317992,170393
318004,170392
318304,170390
318369,170389
318379,170388
319081,170374
319482,170373
319770,170372
319932,170357
319966,170356
319967,170351
319969,170349
319975,170345
320233,170339
320254,170338
320266,170337
320545,170336
320785,170335
321648,175104
321649,175041
321651,174782
321661,174434
321668,174269
321669,174252
321670,174242
321679,174190
321682,173987
321688,173935
321707,173813
321730,173736
321742,173691
321858,173585
321926,173576
321940,173557
321976,173452
321997,173256
322013,173207
322026,173145
322034,173046
322220,171684
322324,171682
322435,171672
322444,171662
322447,171628
322463,171622
322575,171605
323794,171230
323815,171201
323822,171197
323886,171186
323912,171130
323966,171098
324102,171097
324164,171060
324657,170901
324670,170898
324840,170894
324939,170893
325548,170600
325551,170575
325908,170536
325909,170528
325971,170526
325983,170525
326007,170518
326036,170514
326097,170512
326104,170511
326108,170504
326126,170497
326179,170445
326289,170436
326343,170431
326374,170427
326389,170423
326457,170417
326510,170413
326537,170407
326538,170400
326572,170393
326616,170388
326641,170385
326653,170380
326675,170377
326784,170341
326822,170337
326869,170336
326872,170335
326883,170330
326890,170329
326896,170323
326923,170312
326961,170307
327026,170306
327069,170305
327070,170302
327119,170290
327422,170208
327462,170207
327569,170206
327590,170205
327599,170204
327643,170190
327879,170166
327887,170162
327895,170161
327964,170157
328017,170150
328043,170140
328144,170138
328236,170135
328254,170134
328261,170132
328272,170130
328278,170128
328412,170121
328419,170117
328488,170114
328503,170112
328591,170111
328603,170110
328811,170106
328888,170105
328995,170090
329004,170088
329020,170085
329933,174927
329937,174755
329943,174360
329958,174077
329975,174076
329977,173973
330000,173929
330014,173913
330193,173867
330195,173773
330196,172859
330205,172842
330209,172840
330215,172376
330215,171631
330217,171606
330296,171570
330608,171565
330621,171553
330736,171537
331131,171424
331335,171381
331390,171369
331412,171359
331774,171242
331817,171231
331945,171224
331974,171220
331980,171219
332007,171216
332027,171205
332072,171202
332116,171198
332147,171190
332306,171144
332363,171132
332380,170911
332427,170903
332471,170891
332490,170884
332495,170879
332527,170872
332546,170869
332548,170866
332589,170863
332592,170858
332608,170855
332608,170853
332609,170851
332618,170842
332644,170838
332670,170836
332689,170829
332729,170824
332737,170823
332756,170820
332808,170817
332817,170814
332857,170809
332950,170796
333522,170675
333812,170668
333857,170662
333930,170656
334198,170623
334302,170620
334428,170612
334508,170603
334680,170593
334705,170584
334717,170580
334805,170571
334871,170569
334907,170568
335084,170567
335201,170562
335223,170561
335224,170559
335310,170557
335315,170550
335315,170548
335367,170547
335369,170542
335541,170541
335552,170538
335565,170536
335569,170533
335583,170532
335633,170530
335678,170529
335736,170528
335759,170527
335761,170525
335840,170522
335853,170514
335940,170512
335967,170510
335984,170508
335993,170506
336022,170504
336055,170503
336065,170502
336075,170501
336079,170491
336170,170437
336244,170435
336246,170430
336305,170427
336306,170424
336317,170421
336318,170418
336335,170417
336373,170416
336437,170415
336452,170414
336455,170406
336463,170404
336464,170403
336664,170399
336682,170398
336698,170396
336733,170395
336824,170388
336842,170387
336909,170385
336918,170384
336931,170383
336956,170380
337138,170373
337165,170371
337308,170369
337410,170367
337410,170363
337417,170361
337532,170359
337610,170341
337618,170332
337757,170331
337770,170329
337801,170328
338209,170204
338219,170203
338239,170202
338248,170201
338301,170200
338309,170199
338552,170198
338597,170197
338716,170162
338767,170161
338825,170154
338914,170153
338926,170151
339189,170149
339278,170143
339295,170142
339313,170139
339355,170135
339463,170134
339473,170133
339477,170132
339502,170131
339546,170127
339648,170126
339691,170124
339714,170123
339734,170122
339806,170121
339808,170120
339863,170116
339878,170115
339885,170113
339934,170111
339939,170110
340091,170109
340096,170108
340131,170098
340336,170025
340341,170024
340552,170022
341100,170021
341961,175075
341962,174986
341972,174757
341986,174700
341995,174377
342008,174342
342018,174143
342028,173990
342033,173971
342061,173878
342061,173737
342078,173729
342079,173661
342101,173550
342115,173418
342148,173216
342205,173162
342214,173093
342221,173021
342320,172872
342497,172426
342532,172288
342542,172283
342569,172226
342573,171976
342573,171960
342596,171485
342650,171479
342677,171478
342700,171477
342743,171464
342791,171463
342810,171459
342832,171454
342873,171452
342932,171446
342973,171444
342974,171438
342976,171424
343164,171332
343219,171320
343260,171319
343292,171316
343294,171295
343307,171290
343318,171246
343395,171245
343408,171213
343427,171210
343432,171205
343432,171195
343436,171191
343496,171136
343557,171115
343655,171109
343978,170830
343989,170828
344021,170826
344029,170817
344058,170815
344064,170772
344065,170766
344127,170747
344149,170746
344166,170719
344168,170710
344234,170708
344249,170698
344297,170668
344331,170660
344403,170501
344413,170490
344551,170489
344560,170486
344573,170485
344613,170483
344694,170481
344699,170480
344753,170476
344823,170456
344850,170439
344883,170438
344920,170436
344961,170434
344963,170433
345007,170431
345098,170428
345205,170426
345272,170414
345391,170413
345544,170410
345579,170407
345993,170402
346028,170401
346097,170393
346133,170392
346140,170391
346143,170388
346157,170386
346160,170385
346205,170381
346208,170377
346248,170374
346302,170369
346332,170367
346414,170361
346477,170359
346633,170358
346818,170356
347212,170354
347341,170353
347342,170351
347366,170350
347390,170347
347416,170342
347436,170341
347436,170338
347457,170334
347468,170330
347708,170329
347826,170328
347853,170325
348342,170322
348483,170321
348718,170317
348735,170316
348766,170315
348875,170313
348962,170309
348963,170308
348973,170306
349105,170305
349284,170304
349327,170303
349482,170302
349613,170295
349623,170294
349638,170291
349641,170281
350070,170279
350088,170278
350109,170268
350146,170264
350657,170260
350715,170230
350744,170226
350788,170225
351152,170204
351214,170202
351400,170199
351490,170198
351492,170197
351582,170190
351587,170180
351677,170175
351693,170171
351707,170170
351717,170167
351756,170160
352508,175490
352508,175461
352510,175448
352510,175213
352511,175162
352513,174896
352520,174867
352528,174821
352531,174459
352544,174423
352544,174232
352573,174147
352583,174011
352591,173848
352616,173767
352624,173724
352645,173711
352646,173710
352661,173709
352679,173542
352688,173509
352725,173358
352736,173355
352754,173346
352767,173297
352780,173144
352782,173081
352786,173059
352799,173058
352800,173038
352807,173009
352837,172841
352840,172818
352916,172803
352949,172559
352999,172447
353057,172394
353096,172360
353277,172301
353468,172279
353509,172225
353622,172200
353633,172190
353678,172159
353702,172148
353754,172140
353784,172108
353919,172095
353964,172080
354128,172004
354162,171986
354166,171970
354180,171900
354182,171883
354184,171701
354191,171478
354358,171473
354361,171471
354364,171467
354386,171461
354414,171451
354421,171439
354469,171427
354523,171421
354575,171400
354636,171394
354655,171372
354706,171368
354716,171349
355091,171046
355179,171029
355537,170981
355680,170979
355768,170967
355769,170964
355807,170937
355864,170936
355937,170933
356248,170817
356330,170814
356476,170813
356510,170805
356652,170803
356681,170795
356703,170779
356708,170771
356782,170764
356798,170763
356802,170762
356811,170761
356844,170759
356849,170755
356864,170754
356866,170753
356877,170751
356910,170745
356933,170740
356958,170738
356972,170732
356988,170731
357015,170728
357024,170727
357030,170725
357044,170719
357096,170714
357118,170713
357123,170702
357124,170700
357159,170699
357161,170697
357178,170696
357206,170695
357213,170694
357216,170693
357228,170691
357267,170690
357272,170689
357289,170688
357300,170687
357343,170663
357447,170660
357541,170659
357554,170658
357622,170657
357633,170656
357657,170655
357749,170654
357762,170648
357782,170647
357793,170646
357828,170644
357843,170637
357850,170634
357853,170631
358229,170614
358236,170613
358252,170607
358282,170600
358351,170599
358354,170597
358361,170595
358392,170593
358402,170592
358506,170587
358647,170580
358648,170579
358661,170566
358667,170559
358733,170558
358756,170557
358789,170554
358791,170553
358809,170545
358815,170544
358902,170542
358968,170530
358984,170526
359039,170525
359144,170523
359147,170522
359168,170521
359179,170518
359242,170517
359494,170516
359520,170509
359636,170505
359637,170504
359787,170502
359847,170500
359848,170498
359886,170497
359892,170496
360053,170494
360144,170490
360290,170488
360373,170487
360484,170468
360535,170463
360540,170462
360554,170453
360571,170452
360625,170451
360649,170450
360707,170445
360709,170440
360737,170433
360784,170431
360810,170429
360865,170427
360902,170421
360960,170415
360969,170413
361053,170411
361114,170410
361122,170408
361131,170405
361225,170400
361384,170354
361388,170352
361412,170351
361441,170347
361444,170337
361458,170336
361513,170334
362369,170312
362459,170307
362543,170305
362642,170291
362808,170278
362908,170277
363035,170276
363155,170271
363166,170269
363201,170266
363340,170263
363367,170262
363419,170256
363474,170255
363475,170233
363491,170231
363530,170223
363549,170222
363605,170206
363680,170203
363701,170202
363711,170200
363717,170199
363722,170197
363821,170195
363825,170193
363878,170192
363919,170191
364041,170190
364081,170189
364085,170188
364095,170186
364152,170184
364157,170181
364190,170179
364193,170176
364217,170175
364218,170173
364388,170167
364639,170166
364800,170157
364807,170152
364875,170139
364908,170133
364927,170127
364966,170125
364988,170119
365035,170118
365040,170117
365062,170114
365076,170113
365088,170111
365115,170110
365153,170106
365629,170071
365631,170070
365656,170069
365770,170059
365865,170057
365867,170056
365879,170055
365907,170053
365908,170052
365932,170048
366433,170045
366450,170041
366451,170040
366967,170038
367250,170037
367441,170036
367765,170028
367868,170026
367879,170025
367961,170024
368284,170023
368469,170022
368484,170021
368895,170019
368943,170018
369164,170016
369680,170013
370590,175675
370591,175070
370592,174813
370598,174776
370598,174482
370715,174255
370721,173301
370745,172991
370752,172928
370805,172687
370806,172667
370806,172595
370812,172570
370819,172387
370846,172376
370853,172340
370882,172336
370882,172143
371080,172134
371084,172102
371091,172020
371112,172007
371136,171970
371213,171943
371230,171936
371272,171921
371314,171884
371560,171567
371586,171548
371652,171507
371694,171496
371711,171464
371812,171444
371881,171429
371921,171428
371926,171420
371938,171419
371947,171411
371992,171409
372105,171362
372262,171361
372264,171357
372277,171356
372281,171353
372299,171341
372386,171338
372482,171331
372598,171302
372810,170977
372862,170966
372863,170965
372916,170961
372954,170945
373155,170942
373172,170938
373498,170915
373522,170909
373555,170907
373583,170905
373587,170893
373687,170891
373774,170883
373796,170880
373857,170849
373866,170846
373883,170842
373930,170839
373935,170834
374005,170830
374039,170823
374059,170817
374099,170815
374179,170812
374214,170810
374222,170809
374249,170805
374274,170803
374296,170802
374395,170800
374453,170794
374494,170791
374551,170784
374689,170783
374723,170782
374752,170778
374788,170737
374846,170736
374976,170692
375011,170691
375027,170680
375062,170678
375071,170676
375119,170663
375121,170662
375181,170661
375181,170660
375192,170646
375193,170642
375278,170638
375548,170637
375650,170621
375913,170620
376039,170618
376076,170613
376119,170612
376132,170608
376139,170604
376278,170602
376280,170598
376292,170595
376376,170525
376480,170523
376492,170520
376500,170519
376613,170515
376629,170514
376642,170510
376653,170507
376695,170505
376705,170504
376737,170498
376863,170497
376882,170496
377105,170495
377317,170492
377373,170491
377442,170490
377625,170489
377634,170487
377646,170486
377690,170485
377755,170483
377768,170482
377777,170480
377808,170479
377809,170478
377860,170477
377863,170466
377894,170465
377918,170463
377956,170462
378181,170460
378231,170459
378237,170458
378256,170457
378302,170456
378305,170454
378356,170453
378389,170452
378394,170451
378905,170450
379146,170449
379158,170443
379538,170438
380415,174953
380422,174939
380424,174546
380434,174489
380436,174475
380455,174450
380457,174064
380491,173941
380506,173871
380540,173868
380550,173863
380564,173843
380565,173778
380573,173507
380584,173411
380594,173347
380643,173319
380659,173215
380736,173198
380737,173181
380799,173080
380836,173072
381223,172854
381224,172830
381770,172325
381777,172135
381816,172042
381876,172039
381883,172029
381905,172021
381926,172011
381935,171994
381939,171983
381971,171977
382003,171943
382017,171931
382036,171921
382071,171918
382253,171903
382295,171899
382497,171896
382499,171804
382594,171793
382672,171758
382746,171757
382747,171753
382827,171743
382860,171740
382863,171739
382951,171725
382985,171719
383211,171647
383290,171640
383337,171605
383444,171594
383458,171572
383475,171571
383498,171565
383619,171563
383740,171492
383840,171475
383860,171457
383942,171454
383963,171445
384019,171443
384022,171434
384064,171432
384084,171423
384096,171415
384131,171410
384167,171406
384214,171403
384231,171398
384270,171396
384283,171370
384286,171361
384335,171353
384404,171351
384405,171344
384434,171335
384464,171333
384570,171332
384592,171329
384646,171328
384668,171327
384670,171324
384693,171315
384739,171314
384746,171308
384755,171307
384757,171290
384835,171270
384939,171262
385016,171258
385034,171254
385147,171245
385157,171228
385163,171225
385243,171219
385248,171216
385323,171214
385327,171210
385399,171160
385415,171156
385446,171150
385549,171149
385564,171148
385566,171147
385591,171146
385597,171140
385613,171134
385636,171129
385650,171128
385665,171124
385670,171118
385679,171112
385726,171111
385783,171104
385802,171102
385803,171101
385814,171100
385861,171085
385870,171082
385871,171073
385888,171072
385934,171067
385967,171062
385981,171060
385990,171056
385993,171051
386017,171047
386056,171045
386070,171044
386147,171041
386174,171040
386187,171034
386210,171032
386216,171030
386218,171021
386226,171012
386273,171011
386388,171009
386404,171008
386474,171007
386522,171001
386529,170997
386537,170996
386566,170991
386592,170989
386600,170986
386621,170982
386706,170981
386706,170974
386708,170970
386712,170969
386766,170951
386806,170947
386833,170944
386856,170943
386864,170942
386882,170938
387042,170934
387209,170930
387922,170927
387938,170926
388085,170917
388164,170916
388447,170912
388581,170911
389171,170871
389226,170850
389231,170833
389261,170831
389567,170823
389653,170822
389788,170821
389820,170820
389917,170819
389971,170818
390085,170815
390236,170814
390247,170813
390293,170810
390515,170806
390956,170798
391009,170797
391011,170796
391036,170791
391478,170758
391528,170756
391569,170754
391621,170753
391632,170752
391645,170751
391717,170735
391892,170725
391902,170720
392138,170719
392337,170717
392408,170714
392732,170713
392759,170709
392774,170705
393005,170704
393041,170698
393064,170697
393194,170684
393298,170683
393298,170681
393331,170680
393426,170675
393555,170671
393761,170660
393781,170658
393782,170657
393838,170648
393973,170645
394133,170643
394180,170642
394259,170641
394576,170639
394602,170633
394611,170632
394633,170629
394901,170628
394986,170625
395218,170616
395233,170614
395606,170613
395642,170611
395642,170610
395701,170609
396004,170608
396129,170605
396156,170602
396168,170584
396205,170578
396226,170577
396264,170576
396279,170575
396570,170574
396571,170569
396769,170568
396857,170563
396863,170561
397028,170559
397709,170558
397800,170557
397966,170544
398214,170542
398304,170540
398351,170538
398435,170537
398612,170524
398643,170517
398668,170510
398686,170502
398692,170499
398719,170498
398725,170491
398758,170490
398805,170487
398876,170480
398968,170479
399091,170477
399109,170475
399181,170474
399260,170473
399290,170470
399359,170469
399503,170451
399512,170450
399581,170448
399607,170445
399775,170444
399823,170441
399851,170438
399851,170437
399913,170436
400136,170430
400898,170429
401105,170428
401119,170427
401146,170426
401834,170412
401844,170407
401873,170401
402021,170400
402110,170399
402140,170398
402140,170397
402254,170396
402625,170395
403514,175636
403515,175520
403515,175246
403520,174928
403522,174799
403528,174711
403537,174438
403546,174324
403550,174321
403551,174098
403585,173953
403599,173899
403619,173722
403688,173667
403698,173665
403701,173606
403712,173457
403851,173237
404082,172714
404160,172704
404205,172702
404218,172684
404223,172487
404273,172482
404384,172415
404384,172386
404505,172375
404575,172349
404604,172345
405197,171474
405383,171462
405400,171460
405517,171426
405689,171207
405763,171183
405764,171174
405832,171173
405845,171172
405852,171150
405885,171139
405955,171120
405955,171118
405969,171112
405979,171096
406013,171092
406015,171082
406036,171080
406044,171078
406073,171077
406074,171071
406105,171064
406116,171060
406128,171056
406205,171047
406217,171045
406224,171034
406247,171027
406257,171018
406283,171017
406306,171011
406325,171010
406361,171009
406362,171001
406371,171000
406380,170997
406387,170988
406423,170981
406424,170979
406450,170972
406472,170971
406508,170967
406523,170966
406545,170961
406556,170958
406557,170957
406575,170950
406581,170944
406585,170940
406588,170938
406595,170927
406596,170919
406609,170917
406650,170905
406658,170892
406668,170891
406694,170889
406702,170888
406727,170887
406753,170882
406753,170881
406757,170878
406771,170877
406823,170876
406847,170873
406863,170872
406874,170868
406894,170867
406911,170866
406915,170865
406953,170864
406958,170842
406963,170839
407022,170833
407102,170810
407112,170809
407115,170806
407128,170801
407131,170800
407182,170796
407250,170791
407254,170790
407265,170780
407351,170775
407426,170774
407446,170772
407471,170770
407490,170762
407551,170761
407610,170760
407629,170758
407641,170753
407705,170751
407776,170750
407892,170747
408055,170738
408067,170737
408162,170736
408306,170733
408361,170732
408371,170729
408417,170728
408461,170725
408462,170722
408464,170705
408502,170704
408549,170703
408678,170702
408869,170675
408939,170673
408954,170672
408970,170661
408983,170660
409043,170658
409073,170657
409099,170656
409136,170653
409144,170649
409237,170648
409348,170604
409376,170598
409385,170597
409424,170595
409489,170593
409517,170590
409535,170588
409715,170584
409718,170581
409729,170578
409731,170575
409777,170573
409781,170572
410237,170564
410253,170562
410343,170558
410347,170555
410660,170554
410848,170552
411084,170551
411094,170550
411133,170549
411891,170548
412065,170547
413003,175119
413008,174921
413011,174717
413022,174628
413022,174620
413025,174429
413037,174254
413040,173905
413056,173881
413062,173832
413104,173796
413104,173774
413107,173761
413140,173618
413172,173384
413316,173347
413429,173302
413536,173194
413758,173160
413759,172841
413778,172520
413792,172457
413797,172372
413810,172320
413815,172153
413817,171636
413858,171481
413909,171474
413944,171459
413974,171449
413997,171438
414005,171427
414031,171406
414208,171322
414238,171304
414243,171297
414243,171295
414245,171292
414280,171282
414370,171260
414503,171110
414895,171060
415278,171017
415434,171016
415456,171012
415578,171005
416281,170944
416338,170941
416875,170775
417000,170770
417080,170764
417085,170750
417233,170704
417253,170656
417286,170653
417315,170645
417399,170641
417450,170635
417463,170633
417463,170629
417490,170626
417562,170625
417773,170559
417774,170556
417778,170555
417788,170550
417877,170549
417887,170547
417922,170546
417932,170537
417938,170536
417955,170534
417961,170533
417978,170532
417997,170531
417998,170530
418010,170529
418367,170384
418510,170383
418585,170380
418679,170377
418685,170374
418700,170372
418775,170371
418794,170369
418808,170367
418849,170366
418867,170365
418910,170363
418919,170362
418922,170361
418952,170360
419059,170358
419135,170357
419156,170356
419174,170352
419258,170347
419460,170346
419615,170344
419668,170339
419801,170336
419882,170335
419919,170331
420015,170324
420053,170321
420133,170314
420134,170313
420183,170310
420190,170309
420210,170306
420217,170305
420237,170304
420289,170302
420299,170301
420444,170297
420590,170294
421318,170273
422066,170270
422085,170269
422119,170268
422147,170265
423174,175585
423175,175540
423177,175240
423179,175236
423181,175188
423184,174891
423185,174441
423221,174316
423245,174204
423269,173819
423298,173698
423303,173665
423626,173177
423673,172982
423763,172879
423771,172852
423794,172841
423832,172837
423836,172826
423856,172688
423922,172679
423954,172537
424038,172443
424355,171525
424448,171524
424522,171521
424526,171517
424535,171509
424536,171492
424601,171446
424624,171428
424800,171402
425123,171372
425238,171364
425251,171353
425313,171326
425328,171314
425351,171312
425417,171306
425428,171297
425733,171168
425911,171164
425962,171115
425976,171104
425981,171098
425996,171069
426051,171060
426060,171058
426063,171024
426114,171021
426137,171006
426184,170999
426262,170997
426264,170996
426265,170990
426276,170986
426279,170983
426306,170980
426316,170978
426351,170974
426359,170973
426360,170967
426380,170964
426380,170951
426421,170947
426426,170937
426455,170934
426456,170933
426468,170932
426474,170928
426503,170927
426514,170926
426520,170925
426530,170924
426547,170920
426548,170919
426575,170915
426602,170914
426668,170913
426893,170762
426910,170756
426932,170752
426982,170727
426998,170721
427019,170719
427037,170718
427072,170713
427073,170698
427093,170690
427168,170689
427225,170686
427295,170682
427335,170676
427389,170675
427406,170670
427433,170669
427507,170653
427509,170650
427512,170646
427576,170642
427585,170638
427665,170631
427666,170629
427688,170628
427693,170627
427699,170618
427803,170617
427805,170614
427926,170611
427936,170610
427965,170607
428024,170603
428040,170601
428048,170600
428110,170598
428157,170595
428212,170566
428226,170562
428328,170560
428361,170556
428366,170555
428366,170550
428423,170549
428476,170545
428477,170543
428486,170542
428520,170539
428528,170538
428590,170536
428622,170535
428622,170534
428652,170532
428667,170531
428671,170530
428674,170521
428729,170514
428781,170511
428910,170506
429054,170487
429097,170482
429106,170481
429116,170480
429475,170450
429521,170442
429648,170440
429682,170429
429700,170428
429761,170427
429842,170424
429862,170423
430013,170420
430111,170419
430178,170418
430207,170413
430233,170412
430238,170407
430388,170406
430396,170403
430397,170402
430673,170399
430689,170397
430708,170394
430800,170392
430959,170391
431190,170388
431550,170384
431846,170383
431913,170370
431929,170358
431952,170347
